path	class	sha256
.env.example	RECONSTRUCTED_EDITED_whitespace_unverified	4028645fa24d11b6766f445b7214b58d9596f81e64e652c1833db47231e18f33
.gitignore	BYTE_VERIFIED	95789437478ec9a567715c061b6f9038689ea1ecedd00fb40a989bfb1446b7a2
.lovable/mcp/manifest.json	RECONSTRUCTED_ADDED_LINES	b95795a5d53b152698a58ee9a72c0dd7a63120c8642050d70b9dce91b7c19d39
.lovable/plan.md	BYTE_VERIFIED	76026651c7c4d6150ecacc5564b158767ae22060b3e751f978ecfcd30b97ddac
.lovable/plan/architectural-audit-project-estimate-ui-duplication-and-over-2026-08-27.md	RECONSTRUCTED_ADDED_LINES	43d2ae5e20f8a9664fe4ddf33bcb482618aa5b60b43c885c74bb40823983fa67
.lovable/plan/audit-estimate-from-photos-or-video-remote-vision-2026-08-18.md	RECONSTRUCTED_ADDED_LINES	f28bcba16c8e158f3edeed90de739f8fe79c1631823d512695ab76ac663def42
.lovable/plan/automatic-vision-analysis-then-phrase-to-photo-binding-2026-08-26.md	RECONSTRUCTED_ADDED_LINES	6cde334e7d59059efb8658cdf36ef716907b641c17dd7e897d149341a0586d29
.lovable/plan/cabinet-measurement-regression-root-cause-audit-2026-08-18.md	RECONSTRUCTED_ADDED_LINES	0937bcfcc711e327a9841e44f35a80785b3a7228cf7d19e259e3670fefc11775
.lovable/plan/current-state-findings-language-vision-fusion-photo-referenc-2026-08-26.md	RECONSTRUCTED_ADDED_LINES	8006d6c10edb268016f78ba60504a0cf4e6a2d47039342ff0ece61c2374a2907
.lovable/plan/diagnostic-current-pricing-data-sourcing-read-only-findings-2026-08-26.md	RECONSTRUCTED_ADDED_LINES	ddea5d2337825ac547e16875c25a1d8771462e9503268c02657eac93396d5399
.lovable/plan/diagnostic-latest-94-inch-cabinet-bank-estimate-2026-08-18.md	RECONSTRUCTED_ADDED_LINES	aed110b2ef9e926211ab6e42c56483b86dbb78074713c080cf5c328827de11a5
.lovable/plan/estimating-architecture-audit-5-10-contractor-pilot-readines-2026-08-18.md	RECONSTRUCTED_ADDED_LINES	5f44282c8a584cfa5bfc852c86c249b21bdcd7b836381908e64fc03015c7ed4b
.lovable/plan/fix-replace-wording-lost-cabinet-detail-and-non-durable-remo-2026-08-18.md	RECONSTRUCTED_ADDED_LINES	86c30298a15e80ce31672d10f3f37b72417d0c2039632409754a8a7068c74a6d
.lovable/plan/forensic-audit-convert-to-detailed-estimate-read-only-2026-08-24.md	RECONSTRUCTED_ADDED_LINES	22a65fe497c0d20213979fd615ab8e9b9dc12978052f27caa11b62b20698781a
.lovable/plan/read-only-forensic-report-handyman-estimate-2026-08-26.md	RECONSTRUCTED_ADDED_LINES	e7f92ba296b731477255a4be2489642abbdc0d00980a9e0e72d56312a22c52e2
.lovable/plan/repair-committed-ballpark-pricing-and-clarify-scope-steps-2026-08-27.md	RECONSTRUCTED_ADDED_LINES	30b7f1178f413d108ab6679e50d07a4e92f0b1285314c7f9b75628a0d64b851a
.lovable/plan/shared-recorder-reliability-repair-2026-08-17.md	RECONSTRUCTED_ADDED_LINES	cb113c50964d8be99fcae72c6a5344c6dc68c27145debd36d335b6a01ffb0482
.lovable/plan/visionworx360-pro-forensic-salvageability-audit-2026-08-24.md	RECONSTRUCTED_ADDED_LINES	6f520858dcb3d99e887591c85a526345aa2cc233ea6fe58786dec67bea650129
.lovable/project.json	BYTE_VERIFIED	6929695c72d524a9d3123c549a2d2b111fafeabc814b10a9a3f6360714d8728e
.prettierignore	BYTE_VERIFIED	52c7c767ff0615eec4eb64cc71265877f7f423eb597d665b5e439f337c661a5a
.prettierrc	BYTE_VERIFIED	1ed88d3b99eced8dc3b6f58f26645466dd1ceaca6c5a9b818531c941ac28e55b
AGENTS.md	BYTE_VERIFIED	c8f3733c02bb0859a5fc0b6b3360cb5b5659bc28db275b294a1596412b117fca
README.md	BYTE_VERIFIED	ac8aacd1be52ecf9abc829111e14c8a2785ebfeeea626e4ef0a2894c8d6f328c
bun.lock	VERIFIED_THEN_MODIFIED_registry_urls	0a6c9046d01ac7455e4d2f6823ce7f41e8774dd5844951b8ffd90ac0247e0057
bunfig.toml	BYTE_VERIFIED	593326a0c24a3dc22eb311cd004215841034b534a349417ea2579a968cec5609
components.json	BYTE_VERIFIED	37c484818824d2521eee3367e7aa2c2abbd19635d8103d19734b6e24603d0292
docs/ENVIRONMENT_SETUP.md	RECONSTRUCTED_EDITED_whitespace_unverified	d5db905d930b59907a6c737d7f46855108896d800f8564d6b7f7df14222d5ba1
docs/SECURITY.md	RECONSTRUCTED_EDITED_whitespace_unverified	7f0e63f91294f9d899e67100cc500cd313d6f5fecd2e83816b9becd4ca8414da
docs/adr/ADR-059-generic-work-recognition.md	RECONSTRUCTED_ADDED_LINES	bbb26507c3dffa672b140213e8e24d10f8dc1de3006357debc15ed6cd8daa935
docs/adr/ADR-060-industry-standard-trade-units.md	RECONSTRUCTED_ADDED_LINES	4f48d2030f3ceec74f75c5722a1c7e9c1abcfbbbd8a2580469e6ed874f97e730
docs/architecture/ARCHITECTURE.md	BYTE_VERIFIED	6ce9d3888fdb5e8476a36604c78ef8fbd30766289da4108a949334d7bfe6a3d3
docs/build-log/BUILD_LOG.md	RECONSTRUCTED_EDITED_whitespace_unverified	d57352a45cb81e7e84961b57289d2d5a27c913b1ae7d9f5defb60572c4b2a254
docs/decisions/.gitkeep	RECONSTRUCTED_ADDED_LINES	e3b0c44298fc1c149afbf4c8996fb92427ae41e4649b934ca495991b7852b855
docs/decisions/ADR-011-through-015-auth.md	RECONSTRUCTED_ADDED_LINES	eb925593a74e284df14a6effa8c07ac3855f805605895e8f1b4789d53bcaaf87
docs/decisions/ADR-020-through-024-platform.md	RECONSTRUCTED_ADDED_LINES	dd3646b629974ed1be5c0277fb66fc857a2e890028c16968b0ac51de3e2605cc
docs/decisions/ADR-025-through-027-runtime-config-auth.md	RECONSTRUCTED_ADDED_LINES	3e98d9426aebcc1a3e33e75c692814ae564d51031ca816db608a1625f3d4ebd6
docs/decisions/ADR-028-bilingual-project-content.md	RECONSTRUCTED_ADDED_LINES	dd1916acd71f4e7019cfd014ec0211467ae0a6b36788e6ff03023fd9f8870b23
docs/decisions/ADR-029-through-031-cost-and-product-providers.md	RECONSTRUCTED_ADDED_LINES	aa072eb5d54528ad458752f29802f3dd1eacdd6a204480f939d94053c4bbd227
docs/decisions/ADR-032-voice-first-scope-capture.md	RECONSTRUCTED_ADDED_LINES	26cfea05db015d757f6c75474fd5ebcbeaee053fd06dc2e9bc978de4f66bb990
docs/decisions/ADR-033-guided-mode-vs-advanced-edit.md	RECONSTRUCTED_ADDED_LINES	1a6c6b1eb55a46b1bc5026dd8f89d2635b7d47a0869d40fed9810ad66949ebc4
docs/decisions/ADR-034-narrative-scope-default-experience.md	RECONSTRUCTED_ADDED_LINES	cb874122f21ad712fa21167a635243e56f6f918e31431e90938996d5d06f40e6
docs/decisions/ADR-035-remote-vision-estimate.md	RECONSTRUCTED_ADDED_LINES	128923ab578a7425bf72119fd4be3c4069b726e5583026931064dc7d66cf8e68
docs/decisions/ADR-036-contractor-copilot.md	RECONSTRUCTED_ADDED_LINES	1a26c6f3ea139847ac6c7324c433507bf014fbf41beb2e54b18dc5b56ea471a3
docs/decisions/ADR-037-proposal-presentation-layer.md	RECONSTRUCTED_ADDED_LINES	5194122823cd1546c999dd5a70585c6c896bd024af447b9aac39dcc76f3a8af2
docs/decisions/ADR-038-knowledge-engine.md	RECONSTRUCTED_ADDED_LINES	c6d9e836d64a50f2d4414f6f29e3c25e93c3cb5e53e5ec2137ebdcf1b035c477
docs/decisions/ADR-041-photo-scale-inference.md	RECONSTRUCTED_ADDED_LINES	b7cf1bf2b78086de2a660e5c7cc09e9a9b26c28051bed2a918eb4b073e219187
docs/decisions/ADR-042-photo-ballpark-repair.md	RECONSTRUCTED_ADDED_LINES	c3ad4cb60e9557c8712362bc64387632cce2708b322f1f371bc27064240f28a0
docs/decisions/ADR-043-photo-estimate-intelligence.md	BYTE_VERIFIED	54243942caa8534099b14b3ad654d7b3a5fbb68fc7e64eb79e8351cd0a3100f3
docs/decisions/ADR-044-photo-assisted-ballpark-intake.md	RECONSTRUCTED_ADDED_LINES	e4e85740efc8eb994be166b6dea90addf91500bfe5bcc52fb20126daa36a4e9d
docs/decisions/ADR-047-ballpark-recalc-integrity.md	RECONSTRUCTED_ADDED_LINES	1bb088e6a96f2a95f594b18fd51384c9b6fab11308446a0700d09f53877e7475
docs/decisions/ADR-048-size-is-not-a-count.md	BYTE_VERIFIED	444a240900a8168ec1ec2e182f1bd93717ff798609300268359e1bf63845d61f
docs/decisions/ADR-050-intent-mapping-pricing-coverage.md	BYTE_VERIFIED	afd170c44db7ff3983f66ec1b4af2f37378d6f3f8db085f6c531745ed48b1075
docs/decisions/ADR-051-residential-catalog-v2.md	RECONSTRUCTED_ADDED_LINES	092bff3a3bd798d3bf985ba23caa1afbe68aa58ab225b788e94ad197c4682877
docs/decisions/ADR-052-two-estimating-modes.md	RECONSTRUCTED_ADDED_LINES	612b217b538f47ebf08ee571c32bc8517310439442200a783eaa7819068775aa
docs/decisions/ADR-053-ballpark-plausibility-and-question-priority.md	RECONSTRUCTED_ADDED_LINES	bb73ac7be016e1dbf531d33744dc673f41d599eb2419395ce90cd56c423acc85
docs/decisions/ADR-054-pricing-presentation-modes.md	RECONSTRUCTED_ADDED_LINES	d5e7b5a9d3183e71ad0d24d41452ca8b5eba7bfae9f2ea42f613fb674b920256
docs/decisions/ADR-055-internal-labor-hour-estimating.md	RECONSTRUCTED_ADDED_LINES	82a6ac17f2c65923ec8e4b1c0d02b061c593d5fda515c60a9edc3e6e0172af0a
docs/decisions/ADR-056-scope-sanity-check-and-labor-rounding.md	RECONSTRUCTED_ADDED_LINES	bcca334c41c4ea33fd5692611d131b4fc222cf9542852c16279daf6127099f10
docs/decisions/ADR-057-scope-grounding-and-sanity-gate.md	RECONSTRUCTED_ADDED_LINES	7f56849cbb1e949383cf678dd19bfbb7fc7660e4a17bf37e5abe20bca9754417
docs/decisions/ADR-058-run-geometry-authority.md	RECONSTRUCTED_ADDED_LINES	161b4c8b0d45d0da8755544af9887dd82fdccee6ebcc3d82206c42c317c9e3a5
docs/decisions/ADR-061-pricing-method.md	BYTE_VERIFIED	9316f85f391fe90c307ba887c7d91173d5907c617dcce2f8deedaee39fb0448d
docs/decisions/ADR-062-one-canonical-cost-pipeline.md	RECONSTRUCTED_ADDED_LINES	6c17ec0b21659cd9b909516e58ceea3a399b7aea14e91b7259e7c84d9d773485
docs/decisions/ADR-064-multimodal-project-understanding.md	RECONSTRUCTED_ADDED_LINES	3d81a311423d449b41ee552fb71a6ff63017f62ffdf0e7c650dbf1eb40ccfa1a
docs/decisions/ADR-065-improve-accuracy-stays-canonical.md	RECONSTRUCTED_ADDED_LINES	c82ff5a67d7102a653dbd01dff82e3cb1b81aed6562dcb1051f7919f0a26674e
docs/decisions/ADR-066-one-band-writer-and-priced-line-invariants.md	BYTE_VERIFIED	81a68c95af293d7e6dff84c873388456b404aecd1c7eabf7152b7b85cbead7dc
docs/handyman-coverage.md	RECONSTRUCTED_ADDED_LINES	bb7f224f9527f086285da6a683854e1918cb4527eeb84edd467de96a082a6ea4
docs/qa/.gitkeep	RECONSTRUCTED_ADDED_LINES	e3b0c44298fc1c149afbf4c8996fb92427ae41e4649b934ca495991b7852b855
docs/qa/regression-policy.md	RECONSTRUCTED_ADDED_LINES	40bfb4650108883e9bd39c4bfb0c77d707acea9ebde913e45eccb54957212665
eslint.config.js	BYTE_VERIFIED	3266245a1ff610a0b37dbb8b8c77b93a125e0d8758b9838cfd04b2e0a1397d56
package.json	BYTE_VERIFIED	6626bc02d4f384ffe397a1612ac7576ce098a446647f0d4445ebfe67e68be9ae
public/favicon.ico	MISSING_BINARY_UNRETRIEVABLE	-
roadmap.md	RECONSTRUCTED_ADDED_LINES	bbd69520282dfc52d28d4f0a67b83fa3edcf79a90e324c9658c2dcd9a54ae206
scratch/ballpark.ts	BYTE_VERIFIED	65d0d2068dcc9d0bfc18d03fdffd9f98d046aa6ec57751de3661857d9c1cac26
scratch/find.ts	RECONSTRUCTED_ADDED_LINES	6f8723e39a17182cb7ea1bd10d434bdea8d795bb39a53a457cbaa9c21b6f1034
scratch/finish.ts	RECONSTRUCTED_ADDED_LINES	305f0a33b929428dd47961b700ffe9024b1c4383f0f7088144ebc8392cf7f57e
scratch/hmprobe.ts	RECONSTRUCTED_ADDED_LINES	857ec02ba09c8835b1ef818e9e796d8af1ff4654fe16426989dab70cd246c30c
scratch/hmprobe2.ts	BYTE_VERIFIED	b73fab1f1b24d4d2bebf187ab38cc1cad17db097fa780b65161828640da3ae02
scratch/hmprobe3.ts	RECONSTRUCTED_ADDED_LINES	33cee84c0d1c6562949530dfbffaffa52fe0986085f48530e7b7b7e45fb52ca0
scratch/materializePembroke.ts	RECONSTRUCTED_ADDED_LINES	e8bee49e8f5be768bcbe6551ff672352f3e2e11f8550620efbf4377e145202df
scratch/materializeTrade.ts	BYTE_VERIFIED	1e4a0c0c9a92da8668fda1d39d4184b4149a071d41bdbc4c503f30844c6771d4
scratch/probe.ts	RECONSTRUCTED_ADDED_LINES	98436fcf97887195c0551d45cd20d2e05d35d86a77ae84f58461e50805a4ad01
scratch/regen.ts	RECONSTRUCTED_ADDED_LINES	2ef25af6955edcc3cee72323e5af6c1af5f1c17b937d1874e9c3d0624e8c1a38
scratch/rerun.ts	RECONSTRUCTED_ADDED_LINES	7b5c7ce433aaa72367c59462aa3493c5adf69c3fab77f21271cea3bcfd269a0a
scratch/rerun2.ts	RECONSTRUCTED_ADDED_LINES	f9f48123459afb26eb76000a4a43f4d5b4e0eb634958825272bf84b5f560f003
scratch/rerun3.ts	RECONSTRUCTED_ADDED_LINES	97aa961e76a3816cb479fcd421a6e3aa856e8890289115d644ca971e41a115b4
scratch/session.ts	RECONSTRUCTED_ADDED_LINES	1eb5dfa78a3e9d5a36f8799e20d603079422531749abf9c84478883850c16ac7
scripts/generate-catalog-v2-aliases.mjs	BYTE_VERIFIED	50bae751f431749860b62e1b6cd14ae064be899583a2be8c935e84d90daa1adc
scripts/generate-catalog-v2.mjs	RECONSTRUCTED_ADDED_LINES	a600ccf5028a7452e0a3d4fc48e710ec8dbc8dca4baaf9ff6f6e5787a1c7100d
scripts/generate-intent-alias-seed.ts	RECONSTRUCTED_ADDED_LINES	3b728cb466a23a15bc04b0759db38104a38237d574fdea173948a871618d32eb
scripts/generate-knowledge-base-seed.mjs	RECONSTRUCTED_EDITED_whitespace_unverified	fdaf3c063c31dc87e3193856008a918cfd50ea7cf37b30f761a2ccb90f2eea90
scripts/preview-smoke.mjs	RECONSTRUCTED_ADDED_LINES	a49735e42995817fc2dccf1fe1a390cc17bfe4ce246c2e16c261db6e83bbb449
src/app/AppErrorBoundary.tsx	BYTE_VERIFIED	a35101e8fc5f6b33a4782506b338ebf3314dd2fcfab243c307fc542c5466df27
src/app/providers.tsx	RECONSTRUCTED_ADDED_LINES	a03e8d041cad2dca6a9d5fa1abc7d4d3eca84317018220fe3076429196743bf5
src/assets/homeworx360-logo.png.asset.json	RECONSTRUCTED_ADDED_LINES	ccf8f835479c92ffa7875cfce1779969232027f153eb91db92e933f28f349bfe
src/assets/visionworx360-logo.png.asset.json	RECONSTRUCTED_ADDED_LINES	d0980df1ee8c32f92835070a9b31169ccc58b93ba9accfbda28460ad232d958e
src/components/brand/BrandMark.tsx	RECONSTRUCTED_EDITED_whitespace_unverified	f33286ae18d9b1f2f479bb0e09f079cbefcfcffb06bb6f4ace13ad4cf9c5c04f
src/components/confidence/ConfidenceBadge.tsx	RECONSTRUCTED_ADDED_LINES	e757e08756a54d9c56ddedb2746736d9895c613dea937c0dfa4284db1fbde96f
src/components/estimating/ContractorBreakdownPanel.tsx	RECONSTRUCTED_EDITED_whitespace_unverified	10538f4b4601f7cce5c9f2941adde30adf4d59a306cc14d9aea8595a44cd3c06
src/components/feedback/EmptyState.tsx	RECONSTRUCTED_ADDED_LINES	3308af9440c0dd9915483eb652683007e919c7bcf7ec89df09179f510e1be439
src/components/feedback/FullPageError.tsx	RECONSTRUCTED_ADDED_LINES	319ac3e9c01beb1c2037326c1af448f9f7968a4a4baa41852427e0d6e5615a53
src/components/feedback/InlineError.tsx	RECONSTRUCTED_EDITED_whitespace_unverified	0b33af861d572ab4968b9b214baed3f110329ec4290520610afa9a477f60e7fd
src/components/feedback/LoadingSkeleton.tsx	RECONSTRUCTED_ADDED_LINES	c35d3343197249e311ec0c1c95891662f7dc899d8bb30c26ef35922ebbf36c86
src/components/feedback/LoadingSpinner.tsx	RECONSTRUCTED_ADDED_LINES	645ad1d15e11540e536dc5eae52984192c62ce18515bb3630e77b287e7ad2b11
src/components/feedback/Notice.tsx	RECONSTRUCTED_ADDED_LINES	b55aa2ecae1ac5bc27d4335b323d1528a650120856a7329e3711d36b6f1e70a6
src/components/feedback/OfflineBanner.tsx	RECONSTRUCTED_ADDED_LINES	a56a02e40a5f92f75742b7440cf9369df2ecb35823442bbc73ed43309c146a77
src/components/feedback/RetryPanel.tsx	RECONSTRUCTED_ADDED_LINES	f67814fe538655658ca79fedefba336a012b92846229f358ddd3c8a81473016d
src/components/i18n/LanguageSwitcher.tsx	BYTE_VERIFIED	06ca6ff258dcf22d26363aba907bfb03b5796b2f7a9dfa2fabe75e45a2145f48
src/components/inputs/CurrencyInput.test.tsx	RECONSTRUCTED_ADDED_LINES	e73625feaf28985fc2bc5403c1bd67648ffff46c6f0a692c643d2d4593768aa6
src/components/inputs/CurrencyInput.tsx	RECONSTRUCTED_ADDED_LINES	0dd0b54b011b3565d36cc56c877808d0cf9145fe181e8ebe6729a40c2c61507f
src/components/inputs/MeasurementInput.tsx	RECONSTRUCTED_ADDED_LINES	2f2e84b3b2ab3f5d37c55523a9de8541d719eb13a4fb0e4d40434a515bbac5c5
src/components/navigation/AppShell.tsx	RECONSTRUCTED_ADDED_LINES	a1a6e3e8ba7bacda16640741c775b39d50cf29e5fa2281db694ba0d102e805a9
src/components/navigation/workspaceBack.tsx	RECONSTRUCTED_ADDED_LINES	9a152d58517ba2ec648a2554c96cbab7b7ea2f2a1b04cd11947c91f4d4680681
src/components/shared/FormattedValue.tsx	RECONSTRUCTED_EDITED_whitespace_unverified	2eda835f92f5d8c56ea48f39641e3590ef4342b23494dd4b63ed041d0928e493
src/components/ui/accordion.tsx	BYTE_VERIFIED	0903efcd7b746eef0a10c954a541b0dfa7aa1172f3c380a1a88f4e19a317fda3
src/components/ui/alert-dialog.tsx	BYTE_VERIFIED	d10f7b8dfd084c6e75b65259026220adcd36eb8c54bcb76847bf387f86e34220
src/components/ui/alert.tsx	BYTE_VERIFIED	e7f4c2e6f78c59270905b4152b7d3ef4d5c6b9e3b2d370daa7b301aa7cbd27b3
src/components/ui/aspect-ratio.tsx	BYTE_VERIFIED	d72c73d629e37995a0a71647d851d68d6fdcd7ec120797f36ab83a8ee89f2cab
src/components/ui/avatar.tsx	BYTE_VERIFIED	0326c9041c5a0b1ba31ff29822c51950b6aeac485cd0985e7df714741a54e7f4
src/components/ui/badge.tsx	BYTE_VERIFIED	6519775252fe729f21c60b92c7c9feefd1fe7d0a8c2cf16d6f1c2fa7e153fe75
src/components/ui/breadcrumb.tsx	BYTE_VERIFIED	d5224e87344b3ac0f8b002e5dda6a71ff8fee296db8a5fbe6b034d06bd5c2ae1
src/components/ui/button.tsx	BYTE_VERIFIED	05f6784319da5e32d85a0cc8efcb182db55bd0940bb173dcd61442700bebdf32
src/components/ui/calendar.tsx	BYTE_VERIFIED	3205837b76f652de06126eb65ab7af601013ca989025cd21ed4cda33bd780b46
src/components/ui/card.tsx	BYTE_VERIFIED	5a25f8ed1fdc053ebd31a84c5665e3c5c18d27eac64ff6253e5a6fa12a38b141
src/components/ui/carousel.tsx	BYTE_VERIFIED	568e00e8edbfab8af67ee902ca9ef5ceb6d5ed6f3045e7f9b3c15b4f7ef9e974
src/components/ui/chart.tsx	BYTE_VERIFIED	81b1f692f9334ba3030213ff37eeaf2dd762b644e5d96e51ada7072109f07430
src/components/ui/checkbox.tsx	BYTE_VERIFIED	e45882401434642c9251ba6e5e4b5ef9f98d810c2989bf2d6ec7b2164dff0fc9
src/components/ui/collapsible.tsx	BYTE_VERIFIED	5f0a45d8f6ca72d37ed10bf0a85306158b67d7cbc386319186ce013ead9bc0a6
src/components/ui/command.tsx	BYTE_VERIFIED	ba8c0f8b23044ce9a5066e66d7ab7be3a3c79bfc4a0ab7dfae6ffafe439145a3
src/components/ui/context-menu.tsx	BYTE_VERIFIED	9ba8c0fc29c25f440a1d8806e16d42c1083e9909e7ed1f1b9b0deb2ae00e1d13
src/components/ui/dialog.tsx	BYTE_VERIFIED	b424511ca6a1fcd1fd7c7e97e86a58a61dd401a5f2352a32a79a9d0d1b18324c
src/components/ui/drawer.tsx	BYTE_VERIFIED	478c487f66245641d5fa0f0d1c53a07d68bd60c4b3c497ec4c41ce08b482e14b
src/components/ui/dropdown-menu.tsx	BYTE_VERIFIED	20e23bd4a224864b72ea1f2dadfdee545b7f66ffeccdd6a3493a9a940cc2a174
src/components/ui/form.tsx	BYTE_VERIFIED	1ed53d4ab564a64708938643de590f2bef3718b0b2a309c1019c57e9c1fde23f
src/components/ui/hover-card.tsx	BYTE_VERIFIED	69dc172ece56ac77bf3a044a1cd60ed601b0041945d16b5da4c6cc4f42116988
src/components/ui/input-otp.tsx	BYTE_VERIFIED	9b94ff8e296ba320ebec6550e0fd1a9763132d7edfa4cac842d4ca926dd5f2e3
src/components/ui/input.tsx	BYTE_VERIFIED	a634e1b653a9b8a087b39f9b779d4a8bef01150bc9bb3f70bc41e0c93a5d9362
src/components/ui/label.tsx	BYTE_VERIFIED	9f72e2ecf16206593aa9e3c4fbc14cd8e81aa8488d57d92d4a950b30935a9fa9
src/components/ui/menubar.tsx	BYTE_VERIFIED	e8a3269de7348e04dc1335cf6227bdcdaf2649484da4654f6a6b20f1c8423a84
src/components/ui/navigation-menu.tsx	BYTE_VERIFIED	755aecc77b7911ab61159c9fbb9b25254009eb4c32c95b1430b6b5b7d37ed8f0
src/components/ui/pagination.tsx	BYTE_VERIFIED	cbe8559c578ee2d34c7daef5ee75dc3afeb795851e294b111dec375ba44a9a2d
src/components/ui/popover.tsx	BYTE_VERIFIED	861c18577ea5988c6f5ca00d1c677200319fd427cf8b424e59a5cca6ff24f830
src/components/ui/progress.tsx	BYTE_VERIFIED	418f612946a520d1380b7a0d058185bb6a6d09846846dd6d6904a0016152dd4a
src/components/ui/radio-group.tsx	BYTE_VERIFIED	8c55aa0496b00a27fc4f609ca8b43a7e82c6802f6bf613998438b7632899fa96
src/components/ui/resizable.tsx	BYTE_VERIFIED	f0399fec7bc334f06433b41b6ebf34255942ce4916b99173898893fa7fcc8281
src/components/ui/scroll-area.tsx	BYTE_VERIFIED	b607f562455152a079d70a22538c95072b0267e0d59a1a1cf16a905a2e373a6f
src/components/ui/select.tsx	BYTE_VERIFIED	e8ce18b5558eca991e2e40a2b338d5609ed2cf411f0eabce23bcb445d5901dcb
src/components/ui/separator.tsx	BYTE_VERIFIED	bf5838b692e5f74fde7083280b99492dd402bce6966e912e79f5e23f14bc98eb
src/components/ui/sheet.tsx	BYTE_VERIFIED	0629ac492d1bc50db7b94c78d8b69928e56a2ca4ae3e5e8818e1adea007502a2
src/components/ui/sidebar.tsx	BYTE_VERIFIED	9f44f4523271f965adec608ae1c3b8a2f350f2f45ba1401a2c7ee33bc5eda238
src/components/ui/skeleton.tsx	BYTE_VERIFIED	f4c42257d73925b0b856a3500e2cbdd918fe6744fcd6be87ef28bb88e7eb7366
src/components/ui/slider.tsx	BYTE_VERIFIED	d307cf3ff05b54be4a04389ef4379f9e8b4dc49720197937991ce843a8d4b5ec
src/components/ui/sonner.tsx	BYTE_VERIFIED	3ad40f66c339e799b1a57c00e10b4627294c7d580d99d8a48ae0d8d4c13cf931
src/components/ui/switch.tsx	BYTE_VERIFIED	03f71783fd635748b8dc2fcad3f80041c75a35e9ffe9181154cff953e05ee4da
src/components/ui/table.tsx	BYTE_VERIFIED	1e945e564c2cc5ca3ef33019ba7da7a8b94cbc73feb3cbc2b7b33c36ea648d92
src/components/ui/tabs.tsx	BYTE_VERIFIED	46eb1cbc91a8d756c66250d5ee6e792b1a2bbe7a35dbc36d748ccf5c1439bfad
src/components/ui/textarea.tsx	BYTE_VERIFIED	957ddae663a56c393d40578329078cb16c5e29ac98398c4985a4a503e4c10427
src/components/ui/toggle-group.tsx	BYTE_VERIFIED	d59cd3937c967a3e221fdfcfe4ea5cd57eb97cbe37e1ac98126664c9c7db49c1
src/components/ui/toggle.tsx	BYTE_VERIFIED	62e6e21993f1ab633b9f830cbbf0c181f3d161bae3a7792dbf2d842d42a2f09c
src/components/ui/tooltip.tsx	BYTE_VERIFIED	9682690fc3755d0f4b8684f2d7b1f77945876d41a45b723d0761b26804ad5010
src/components/voice/VoiceActionButton.tsx	RECONSTRUCTED_ADDED_LINES	8304b6fa5baf8b33a55c899aa45cacf1fc450b8f7049a562794d6b7d671cc102
src/config/pilot.ts	RECONSTRUCTED_ADDED_LINES	7cf41e598e6380c0185d54545c9e221d0e3c1b649217c0f07899b93975c7d9c0
src/domains/README.md	RECONSTRUCTED_ADDED_LINES	b70ab71b24db2d8d5f2c3059a8861910dcd00e7c695d2b5017a1408954a560a1
src/domains/ballpark/__tests__/ballpark.test.ts	RECONSTRUCTED_ADDED_LINES	ebc532155ad6896538fd687c31ac9d6955dd42929417afb8d34eb850aebba584
src/domains/ballpark/__tests__/ballparkEngineVersion.test.ts	RECONSTRUCTED_EDITED_whitespace_unverified	c0c656061ba7a894d4903b53e10eeec09dfafe37e290b5a8f4a246eecb39a010
src/domains/ballpark/__tests__/ballparkPreviewAndParsing.test.ts	RECONSTRUCTED_EDITED_whitespace_unverified	db92d821ce9438e9449a4be163a06fc0d91f0a74e63a0901769ca471d833c1ef
src/domains/ballpark/__tests__/ballparkRefinement.test.ts	RECONSTRUCTED_EDITED_whitespace_unverified	4573017b3b9c611fc9bc8840323673dd0a0b73b4814954b98858296287465ac6
src/domains/ballpark/__tests__/garageWorkflow.test.ts	RECONSTRUCTED_EDITED_whitespace_unverified	c5360a7f754973c2e73feafcb65ebb0039fdecc80de51ba57f755321202aba1c
src/domains/ballpark/__tests__/kitchenCabinetJob.test.ts	RECONSTRUCTED_ADDED_LINES	f707a05504a2ad4bb05fe76e8626c0e8b5da7db6633dfe2a89557d6f85341e70
src/domains/ballpark/__tests__/multiInput.test.ts	RECONSTRUCTED_EDITED_whitespace_unverified	93606b29a1ea3ea131b027cd171e220657953e0e0a83db4319c71c37048948e2
src/domains/ballpark/__tests__/persistence.test.ts	RECONSTRUCTED_ADDED_LINES	b16d8ac015ac40da2b9ac8ddf1d2b76e45ff67ba81b4f93857f4d5689c652834
src/domains/ballpark/__tests__/photoAnalysis.test.ts	RECONSTRUCTED_ADDED_LINES	ca19650b325016e82439f25643128de4298ee751c70ddebcee7dc67265c40310
src/domains/ballpark/__tests__/photoGuards.test.ts	RECONSTRUCTED_ADDED_LINES	9a8131718df6482bdb5b6d2af1ab9618d09d1f4672898b519613a91092424b8d
src/domains/ballpark/__tests__/photoInference.test.ts	RECONSTRUCTED_ADDED_LINES	96209d3bf72276af051a8872fb6faf9c09ca101310a503b55b47ebddb20cdc33
src/domains/ballpark/__tests__/provisionalAllowances.test.ts	RECONSTRUCTED_EDITED_whitespace_unverified	6ce1b5b5cb5811c45f2190b583a29ecd47483cf028d60a21ca03b2a28a7a381b
src/domains/ballpark/__tests__/quantityResolution.test.ts	RECONSTRUCTED_ADDED_LINES	4fd318069113bd08b3cf3727912e5f56a7c63cb1437f3b47614e9da52d7889c8
src/domains/ballpark/__tests__/scopeRecalc.test.ts	RECONSTRUCTED_ADDED_LINES	b7ec20ab83aebee0a99f24f038ee99c9c4f5eee3fb49276c99e0ef995211d795
src/domains/ballpark/__tests__/scopeScaling.test.ts	RECONSTRUCTED_EDITED_whitespace_unverified	51296d11093f2a0bc22048920c5fc230b838237c466261357f0da57f4fb60427
src/domains/ballpark/__tests__/snapshotHistory.test.ts	RECONSTRUCTED_ADDED_LINES	9ffb0932fed74a93e5a2d138328b8664865ccd2ab07e952cbedf34c373126f70
src/domains/ballpark/answerIntegrity.ts	RECONSTRUCTED_ADDED_LINES	9a459ac3d1f13fe138bc21738bc15aeb89126a244e76c2131dc1e51206d0dca2
src/domains/ballpark/continuity.ts	RECONSTRUCTED_EDITED_whitespace_unverified	03d4424011311202d9144f30478edf5261a7c926e2e0cde6129da075bf97ba7e
src/domains/ballpark/costInvariants.ts	RECONSTRUCTED_ADDED_LINES	b75a750e1b6760daecc65ed526710873f43b45bf437b80fb16d7da3ec659053a
src/domains/ballpark/derive.ts	RECONSTRUCTED_EDITED_whitespace_unverified	958c42051216557045dcc9bb8e050a63bec720311f8ecbe542ddd24582ee5452
src/domains/ballpark/disclaimer.ts	RECONSTRUCTED_ADDED_LINES	3d6a8fdf67dbe07f71a450eb09c18bed5b76d26087c2851cc8f30238cddaedec
src/domains/ballpark/engineVersion.ts	RECONSTRUCTED_EDITED_whitespace_unverified	eb5317a21a2fa6bac24b5e09db94aeb919123b82d63ba09456364fcb46a50583
src/domains/ballpark/improveAccuracy.ts	RECONSTRUCTED_ADDED_LINES	57762b61ef0ae4a2b653cf2235c57fb3fc731a7ffef5c87949f2752bf3044df0
src/domains/ballpark/index.ts	RECONSTRUCTED_EDITED_whitespace_unverified	4dd925d03e81b6b85e0dbb0d129aa6c5cb0efd587d72696e9b510cc4b5ce6e00
src/domains/ballpark/intake.ts	RECONSTRUCTED_EDITED_whitespace_unverified	3f6e92a5a5b4e8cbf85b182aef5bdf243ca946612ea1701ab8f31381c07241c1
src/domains/ballpark/intakeSchemas.ts	RECONSTRUCTED_ADDED_LINES	4bfcf7581b4239e480b24a0ce6911427c12bf58b6619bac1ef358a4e429d2e63
src/domains/ballpark/multiInput.ts	RECONSTRUCTED_EDITED_whitespace_unverified	ce67e9c528a2301aeaedfb5733c619ea03bdfb6b4fdbc39b0db0604912f5a18d
src/domains/ballpark/parse.ts	RECONSTRUCTED_EDITED_whitespace_unverified	9a7eed2ccb13fc2ab1ad7c39a84651f6e8d3b65702b0a2d595ae5bc1c6f35a88
src/domains/ballpark/persistence.ts	RECONSTRUCTED_EDITED_whitespace_unverified	3a0fa4f2ef26a3b0a0df7617eef4a1a920241c07e930512a252cb2621d76ecca
src/domains/ballpark/photoAnalysis.ts	RECONSTRUCTED_ADDED_LINES	ee2cb64020bd8ae1aeaeaea52030b1ec8ae95dd7625b0491cd9068dd433dfe04
src/domains/ballpark/photoInference.ts	RECONSTRUCTED_ADDED_LINES	5ad4acd94bc5cdc5e1318768c5eb24994ed3fe8edc83c2041ed460010a1cbdcd
src/domains/ballpark/plausibility.ts	RECONSTRUCTED_EDITED_whitespace_unverified	2a6856df97fe96b577eddaf2b38b8f3fcb1540a3cedf02d7563b3185dbdaec75
src/domains/ballpark/previewBaseline.ts	BYTE_VERIFIED	fa43af79df93a6b15f6d369a189d25ece740aa539a7c5b7853b0f2f19add3bc9
src/domains/ballpark/pricebook.ts	RECONSTRUCTED_EDITED_whitespace_unverified	e136c7a76c8788711ea931f945b9e3e63b7615d81b721a7b0761f052a302359b
src/domains/ballpark/quantityResolution.ts	RECONSTRUCTED_EDITED_whitespace_unverified	5d7596aadb51a31c87fd887c8943cc00feeae36319a20b8b97af32c875a46151
src/domains/ballpark/questionPriority.ts	RECONSTRUCTED_ADDED_LINES	b3c293969f5ea3a374cd5b5723a2c1f8a686d70e7d6ee29487b94fd55dc1e576
src/domains/ballpark/questions.ts	RECONSTRUCTED_EDITED_whitespace_unverified	670801724258f18d127704de81650064e90450f1e97e56aa796d4ad7271a642f
src/domains/ballpark/range.ts	RECONSTRUCTED_EDITED_whitespace_unverified	2d52d2aa5d11df57415ccffc5fee854bf9a0aceb7959857852fbb26fab0f73d8
src/domains/ballpark/recalcGate.ts	RECONSTRUCTED_EDITED_whitespace_unverified	2cdbb3ccbc36d5afb72050d828aa93684a4452b851be547f04d5b9afd00c32c1
src/domains/ballpark/refinement.ts	BYTE_VERIFIED	cde21a7142b81ccbc9779a33095e5b65cceeb98b0550741fc0818b5354786ab0
src/domains/ballpark/scaleReferences.ts	RECONSTRUCTED_ADDED_LINES	ab052801060e6785a17e7fd20f0bfe5071a02b1995d0270d7a422fa7c14bb091
src/domains/ballpark/scopeProfile.ts	RECONSTRUCTED_EDITED_whitespace_unverified	fc47f8a7793a05dbf917bf459ea29c20cbeea15d27573029097ed16d51b4026d
src/domains/ballpark/scopeRecalc.ts	RECONSTRUCTED_EDITED_whitespace_unverified	01db9ff8934692db6cc82293cf6c4ed239bd6890b87b5a88eb8e1a95e9f7a035
src/domains/ballpark/smallJob.ts	RECONSTRUCTED_EDITED_whitespace_unverified	dce26bf1b0dec7994d8b4fb0b7961edfb03c4f060f3ad2de7c49003d32200d7a
src/domains/ballpark/snapshotHistory.ts	RECONSTRUCTED_ADDED_LINES	3b211fb11eea2338d5d25786d384a499282a7f6c34e44481a12f46529285ea20
src/domains/ballpark/types.ts	RECONSTRUCTED_EDITED_whitespace_unverified	dc198c37f56ca89192b6d6657bb6013f5c97a3052b77ce9660bdf4c1d82d4cff
src/domains/constructionDependencies/index.ts	RECONSTRUCTED_ADDED_LINES	9da2e78ddf6bcd0cf5a6d5488c0a05af206f6f954a4feeea0ff3dea2f653fa2f
src/domains/copilot/__tests__/copilot.test.ts	RECONSTRUCTED_ADDED_LINES	7dceef92226af745e639f1c979ac4a44be0deabdf23b6d06504fb3cb1f18ca32
src/domains/copilot/__tests__/reviewCanonical.test.ts	RECONSTRUCTED_ADDED_LINES	d2bf4ddc1a6e7e516f28946748dd541816913347cd4eeb293d79007c3877886e
src/domains/copilot/canonical.ts	RECONSTRUCTED_ADDED_LINES	5fd7623ae03130c6bc28d982d2bb4fd2f241771677b7fb7558267532dc312989
src/domains/copilot/catalog.ts	RECONSTRUCTED_ADDED_LINES	b6c40dd7ea2610d0fda01b198ce308b3e531badea8f411ced036b97e3f48a58d
src/domains/copilot/customer.ts	RECONSTRUCTED_ADDED_LINES	e8d2ac2989d32d488040e7c86dd86c16f0c0ac830814a1d3bcac049702c05e80
src/domains/copilot/extensionPoints.ts	RECONSTRUCTED_ADDED_LINES	5d8789588baed345b6e065b7520cf69ee5b41bb5340d47fa1463733cef2f47c1
src/domains/copilot/index.ts	BYTE_VERIFIED	674b1a3037889d775811fc59ed3dd9f6a1cd0181230cc802683ec136e6494d98
src/domains/copilot/registry.ts	RECONSTRUCTED_ADDED_LINES	78d8b8ccb71bac88123c4d2911bbd51fdfbdd9ae9e6198087c7c8b217166b1fd
src/domains/copilot/review.ts	RECONSTRUCTED_ADDED_LINES	8ecedc769e0bfd8b29e6a6f39ffe5afd46e121aa845a43a584797e5d5bb1cc32
src/domains/copilot/types.ts	RECONSTRUCTED_ADDED_LINES	a4cbf86e52148c6d73b5203db8fb3e0d2abbaac53945639a555654385b78d27c
src/domains/costBook/index.ts	RECONSTRUCTED_ADDED_LINES	f26d6beff2d78bb83ae1d5a668f2907117908a7626f5d696e95bfa39b5ac03be
src/domains/costBook/precedence.ts	RECONSTRUCTED_ADDED_LINES	80730db4d9bcf7c05e996694bc813c1db6a7e40a530a3b767e115d2015d56980
src/domains/costBook/rateTypes.ts	RECONSTRUCTED_ADDED_LINES	d90a5b725815732c7f05c8b37d5add05cfad2dddbfcc6cdc07fee4beda0d97eb
src/domains/costBook/reprice.ts	RECONSTRUCTED_ADDED_LINES	4ce077e59786f64ca37aa34d9cfde00c583b64f5ae8a12c5fd0fa4601f04f6f3
src/domains/costBook/trace.ts	RECONSTRUCTED_ADDED_LINES	6f753317826ce327e97e0332cd84fbd9bcae92735a0cec4d5734b59922b50cd9
src/domains/costBook/types.ts	RECONSTRUCTED_ADDED_LINES	2c5462b8358ce6c54754008429529ab91ea3acbeb57f654ab8f96dfe67f6dedb
src/domains/costCatalog/types.ts	RECONSTRUCTED_ADDED_LINES	3426d362b810ba2d89c0f105bcc2ba93e83f6d6d73f91dd4a0696b812e0804c4
src/domains/estimating/__tests__/completion.test.ts	RECONSTRUCTED_ADDED_LINES	5a4707a5232e80191f8c7b86f642129f0c1a6b9e189f085b49916b3b98b3f658
src/domains/estimating/__tests__/compositePricing.test.ts	RECONSTRUCTED_ADDED_LINES	710998e1abeabedc92c83b7afed58842bf9d99630f7a578f5e66fcb737a9c7c1
src/domains/estimating/__tests__/engine.test.ts	RECONSTRUCTED_EDITED_whitespace_unverified	b917312e0c1bd3e9c5a0b3a0879f7072eb068bd3d4a916289445031380bb8980
src/domains/estimating/__tests__/knowledgeBridge.test.ts	RECONSTRUCTED_ADDED_LINES	708be6098d849d98341f3e749d050b63aa4d26f0239c63881d1fa246b8b41a3a
src/domains/estimating/__tests__/lineage.test.ts	RECONSTRUCTED_ADDED_LINES	4c16a272b09f9dee1661d1f7c24dee4b57a9d2768b83f00ee08e79866d4ada0b
src/domains/estimating/__tests__/pricingIntegrity.test.ts	RECONSTRUCTED_EDITED_whitespace_unverified	f76a284780424d6cf7ad2f2819eb0537da6b4d617c937adf0b3a12563105a097
src/domains/estimating/__tests__/range.test.ts	RECONSTRUCTED_EDITED_whitespace_unverified	323213c57acdb53f6039fbaa4c0f4b504c8e5c96e0ef7b31f040ee460bb3515c
src/domains/estimating/__tests__/scopeSync.test.ts	RECONSTRUCTED_ADDED_LINES	f2d07d12634cccaddca6a9a4efea098d04be12e81dd0011744fafd48fd3bfa30
src/domains/estimating/ballparkCostBasis.ts	RECONSTRUCTED_ADDED_LINES	953300f56e25c6a58ff49c81279c18f8d5038e1cd7b89ed46ffd9fe24a5df6d4
src/domains/estimating/ballparkPosition.ts	RECONSTRUCTED_ADDED_LINES	7145c2b57c34d2ce125efd73ad0ef393614e9409dd138ca5de33b79c3d99099d
src/domains/estimating/calculations.ts	RECONSTRUCTED_EDITED_whitespace_unverified	86323bd0b937c150754128b9afb01a5d53555fa066303f34540c590c113b2196
src/domains/estimating/canonicalCostGraph.ts	RECONSTRUCTED_ADDED_LINES	ee5c6134cc4ef1777d1d1b48e70a6ecd5c4552ea81af13fbe3d59b24805d3a5a
src/domains/estimating/canonicalLine.ts	RECONSTRUCTED_ADDED_LINES	c54cae408de5e7921042d8f3122318e9e8a214f9b075975e25b79f83ecd91c5b
src/domains/estimating/clarificationState.ts	RECONSTRUCTED_ADDED_LINES	ec323493b1228172f68437b0067e59fad0474cfd0aa2c7916293d6358d0ed9d0
src/domains/estimating/compositeExclusivity.ts	RECONSTRUCTED_ADDED_LINES	527b3f2c28f7cbd4d614727e2a824663c4737ded523d162f2e9d325ea13987a8
src/domains/estimating/contractorBreakdown.ts	RECONSTRUCTED_EDITED_whitespace_unverified	0aa142c82b0f7795ed8dcec9d3d0c816d301be2876ad375ee9d25e194f0e155b
src/domains/estimating/copyPlan.ts	RECONSTRUCTED_ADDED_LINES	23f879a8e8a976cb46db178aedb30b9a6febb2ada606f2a4262ba05f1712ae19
src/domains/estimating/costBasis.ts	RECONSTRUCTED_ADDED_LINES	6ec1a8e4021f5010c20a8eac92847eed97dd47d43f82ace0ab4a782779c5e069
src/domains/estimating/costCatalog.ts	RECONSTRUCTED_ADDED_LINES	46c43778d92d1090fe402c2e0bd8fe021324c1875bb035bf656646d20a6c128f
src/domains/estimating/costModel.ts	RECONSTRUCTED_ADDED_LINES	fd96a380e1251caabf46085d924ed7ffc212035857f53207f23cabc5d63bc09d
src/domains/estimating/crewDuration.ts	RECONSTRUCTED_ADDED_LINES	247c0d260c381c688b8bec07d3f1ac8a41a24abec61c604a1949f707c3daf36e
src/domains/estimating/engine/calculate.ts	BYTE_VERIFIED	f346cfed208744ecbf850a5e931ec43a38971ac61bd2016a3718c9fcee7b76bf
src/domains/estimating/engine/types.ts	RECONSTRUCTED_EDITED_whitespace_unverified	bdfa917242e8dadd0a1d01f9230c9e0784258f698f98ef4993fab255f1de5dba
src/domains/estimating/estimateCommit.ts	RECONSTRUCTED_EDITED_whitespace_unverified	0afe2fdd03df3ace7a8434b8250541adb80355528956a4ba0a0cce832bd902ab
src/domains/estimating/extensionPoints.ts	RECONSTRUCTED_ADDED_LINES	cbeb7a0c2b5c95871efc853ec929debe9362889e161816719cdc471a00a5fdab
src/domains/estimating/genericTradeFallback.ts	RECONSTRUCTED_ADDED_LINES	d9843c703757fd535c00f059164d6d15d46beb7d8a4400ab960d44d9b6bf2e60
src/domains/estimating/index.ts	BYTE_VERIFIED	120b43f60438aed9ba21f3a9b53d20a8d32ab08b7896434e5b9aa8910e289097
src/domains/estimating/jobEconomics.ts	RECONSTRUCTED_ADDED_LINES	c4dccd7096a9a6f64c1df48ea4f155a125d61ebec804b66f137232332d1f6f4d
src/domains/estimating/laborHours.ts	RECONSTRUCTED_EDITED_whitespace_unverified	ad3d9076f4d576aedc7de502bfbe58e1068ac09e6ce3cf68373a16ba23f10837
src/domains/estimating/laborHoursIntegrity.ts	RECONSTRUCTED_ADDED_LINES	b506f30829b7d196b890bc8a0c4e9685b9060745a6446d3ad1e5a6786c7c9b1e
src/domains/estimating/laborPlausibility.ts	RECONSTRUCTED_ADDED_LINES	3954c74969b66c18d4cd9ab96f61aaba8b112dfee74b6e8f2a7f19e01f50c36d
src/domains/estimating/laborRounding.ts	BYTE_VERIFIED	9376275f2c340fa9a83a7e5799a5aab0dfe691a9782a0a1633a172e3d451bc4a
src/domains/estimating/laborTime.ts	RECONSTRUCTED_ADDED_LINES	423eddf33374d43cc9c65e63c1713fda10d332c5633c3d65484514092f7bf936
src/domains/estimating/lineAudit.ts	RECONSTRUCTED_ADDED_LINES	b3dd8ed4be1dbad2107f0ebc185c85db6b53de7e620b2f040ab22e547332d821
src/domains/estimating/lineage.ts	RECONSTRUCTED_ADDED_LINES	6b335bb4f29288789c97becebbba999971ad847f926c372e16a80cb7167f40c4
src/domains/estimating/marketSanity.ts	RECONSTRUCTED_ADDED_LINES	e740fef694132d8c41d4e09b1951cf06a9459bd37fa8a385b59813be370b5fde
src/domains/estimating/materials/build.ts	RECONSTRUCTED_ADDED_LINES	2de7f46e44be73d7d4f434f3d0efbf8341dd32e095843165a62a45b2de37815f
src/domains/estimating/materials/composition.ts	RECONSTRUCTED_ADDED_LINES	be95e6a013eb70ea859d6a4fe6a0c2a751581372697f6914f2fab19a59e66b4a
src/domains/estimating/materials/index.ts	RECONSTRUCTED_ADDED_LINES	7eb3151526808255966b0f1d34f7b45027439d48593fbcbd5e6cac3b1dbeaeba
src/domains/estimating/materials/types.ts	RECONSTRUCTED_EDITED_whitespace_unverified	c00198ab1439f2a672fe51c0ab9913237d04d0df38c51046a63bac9fa8b5ffb8
src/domains/estimating/measurementBinding.ts	RECONSTRUCTED_ADDED_LINES	dfbbcdffb0c723b1ecfdf719035a74cb5e91bf66081aec61457063d5beee6352
src/domains/estimating/modes.ts	RECONSTRUCTED_ADDED_LINES	ebcc063feb75017b4e4fd54a866554f46768ecef69128ca370ff4e8415ffccb3
src/domains/estimating/money.ts	RECONSTRUCTED_ADDED_LINES	a01578cf1734e4bb4d9ce6df81bdf257f64a0a6733f8cde56b51e499b7d55e8a
src/domains/estimating/overrides.ts	RECONSTRUCTED_ADDED_LINES	0f27a3cca91fc9b921c168c87bf6413599c3e611dea9c5373928cfaf2c1cc6e3
src/domains/estimating/preliminaryBridge.ts	RECONSTRUCTED_ADDED_LINES	223bb9b774e501d99dcdff563439f93b5e14d4f76f40cb05cfa3f1546b878fdd
src/domains/estimating/preliminaryLevels.ts	RECONSTRUCTED_ADDED_LINES	f9beebd6c1799579e21a45e86071f6e518706b1aa110e9cae1a6fce85c2c163e
src/domains/estimating/pricing/assemblies.ts	RECONSTRUCTED_ADDED_LINES	13b767b6b632915b23ad51f4edcdaa4333c3187f102e962429ca4ee706a58339
src/domains/estimating/pricing/bookLaborRates.ts	RECONSTRUCTED_ADDED_LINES	2bab3be5bf5b8176adbb9228cce8b56c467d92536921d367551acc38f4bb5f5f
src/domains/estimating/pricing/canonical.ts	RECONSTRUCTED_ADDED_LINES	692afc08d3cab1561fdd2844e02e6dc10a82efa79a37836c5d36787c7a6bb075
src/domains/estimating/pricing/canonicalAssemblies.ts	RECONSTRUCTED_EDITED_whitespace_unverified	e757843f0c931ab6bdc44410995ff29eabd449b67c8a62b8a3424071a56be655
src/domains/estimating/pricing/completion.ts	RECONSTRUCTED_ADDED_LINES	fe3ee20496b6cfb2cbe0c519cc45915b7dc072b4d6a19ccca0465cce5e08aae2
src/domains/estimating/pricing/compositePreview.ts	RECONSTRUCTED_ADDED_LINES	1ad32383694b857bb62e7ab489f822d043f4bb9e7f811cc27c865596da77e697
src/domains/estimating/pricing/engineVersion.ts	RECONSTRUCTED_EDITED_whitespace_unverified	9d6de22d1cde4aab19b40512b2baa9c474f7b00312ca37fcda0dfacf16c09e63
src/domains/estimating/pricing/integrity.ts	RECONSTRUCTED_ADDED_LINES	d08847de5caa7ec9f219a3eff1c8ef5936296de2c5aa5a71bf579ddcb517e1d1
src/domains/estimating/pricing/intentMap.ts	RECONSTRUCTED_EDITED_whitespace_unverified	5fbd5c4103869cee934c09669c1efc8694c80315b8ac4f2eb3688ba8085321ab
src/domains/estimating/pricing/intentMapV2.ts	RECONSTRUCTED_ADDED_LINES	f690753d518e3f022d0ef8df579210211ff2a0bb95cb6e3ddd5d9b97a74f9fea
src/domains/estimating/pricing/knowledgeBridge.ts	BYTE_VERIFIED	431d10e670965accafa29b0d6cc18dab37fb2a2e49f85798fa96fecdecd2fd5c
src/domains/estimating/pricing/quantities.ts	RECONSTRUCTED_ADDED_LINES	023f964586bf52be2a44537e8d0e6e349dc83fa6dd1124c14c8021d5d110f80c
src/domains/estimating/pricing/registry.ts	RECONSTRUCTED_ADDED_LINES	80cc56e2b41f926a6cabce938aa8eec7ba1d785bb779ac236af6e8fbea5e2b2d
src/domains/estimating/pricing/seededProvider.ts	RECONSTRUCTED_ADDED_LINES	19d0425431fb39160383c535772167eeffe90776ca71664affef5da7913865ca
src/domains/estimating/pricing/types.ts	RECONSTRUCTED_ADDED_LINES	67fa4084cb5e05f9a8464ca21380e056b4c836b619b107efc053579c69b3cac2
src/domains/estimating/pricingModes.ts	RECONSTRUCTED_EDITED_whitespace_unverified	59357fcc8ecf49a515cb3e6ae8b4fdc7293265cb5bb6098d120fa0d917c15d1b
src/domains/estimating/pricingProvenance.ts	RECONSTRUCTED_ADDED_LINES	8e39af0817fb22d413399b4ac3e455b9dfdfaf1e7fa5f9ff8b34d51d99e2ea7b
src/domains/estimating/pricingStrategy.ts	BYTE_VERIFIED	1cff7a9cdfe1d1a67b1fd8d85d49610278682b9b24149f2db37a9b38bc86e0f1
src/domains/estimating/productivity.ts	RECONSTRUCTED_ADDED_LINES	4eba77434b8654811236701a028a6d580cf88eb5710f4eadc19bff457ceeed41
src/domains/estimating/quantityEvidence.ts	RECONSTRUCTED_ADDED_LINES	3b6acf87ffaa1a24cb9b12552d933dfd0f02d8ad749b8129bd45a0d5f3ae5e7a
src/domains/estimating/range/bridge.ts	BYTE_VERIFIED	c59905a8e76e758bce9c8cce75cdc00f3c6274cff10d491a1b5b32ca6b8a067f
src/domains/estimating/range/calculate.ts	RECONSTRUCTED_EDITED_whitespace_unverified	ee2b4671393671ab39e15ce5f40f3532720df6112d60b972ddb70581058df8d7
src/domains/estimating/range/narrative.ts	RECONSTRUCTED_ADDED_LINES	e8390e7d8c245659016612f09b20f6a79a24a4907d5863112b00a2fc4c217bdb
src/domains/estimating/range/types.ts	BYTE_VERIFIED	cd4fdfdfbba4d7417687e380f7caf7a3bdb8c9b1dcf7706f8ae666f6139f3650
src/domains/estimating/rangeSnapshotEnvelope.ts	RECONSTRUCTED_ADDED_LINES	d94b0d91f5fad72dd02ec0c5a302cddc0cbd240eda2bcd7e1b29ee9c66f46059
src/domains/estimating/reasoningRepair.ts	RECONSTRUCTED_ADDED_LINES	a86da024627237c82e8168fcb6780a41690ef8c8e141021f433218839373951e
src/domains/estimating/reconciliation.ts	RECONSTRUCTED_ADDED_LINES	b41bfe1fdb410cecafbeef7249ac050ac219ed9f67b3ad0d02487f1ff8bf0787
src/domains/estimating/resolution.ts	RECONSTRUCTED_ADDED_LINES	ced176a04c231174f14d39f285c344b467c62e1d2a6e0d9774dd918ff3d101f5
src/domains/estimating/scopeSync.ts	RECONSTRUCTED_EDITED_whitespace_unverified	789d6d571f0df0f7219f06f3dfbf990025bbacd09b2e99679cfb0f6535faae18
src/domains/estimating/supersession.ts	RECONSTRUCTED_ADDED_LINES	68aed9375f9fafdfaa9b52e2787b03874a25b2e930a38a5ddcec671d3b51b72c
src/domains/estimating/taskHourModel.ts	RECONSTRUCTED_ADDED_LINES	13a7bfb6d1763534551505d6cf81d09b35f7a4a8f43bfecdd31f708408c5c3d5
src/domains/estimating/taskNaming.ts	RECONSTRUCTED_ADDED_LINES	7e93e83f9250d5358c744dae84041c7ec598bb9eea091d86e317a1ee424b7ab1
src/domains/estimating/tradeInference.ts	RECONSTRUCTED_ADDED_LINES	7f6a978795253b687e9b5d541695a5bf0757ff341de02f8575ac934e4e85fceb
src/domains/estimating/tradeTaxonomy.ts	RECONSTRUCTED_EDITED_whitespace_unverified	d07b0c0a6d62556352673c8fdf4735a7036b4b3de34ee2f1edb18d92098546a9
src/domains/estimating/types.ts	RECONSTRUCTED_ADDED_LINES	a4cb923987fab53a59c88fa6df6bc46c8d57bbb8ec5c65de95c84c6e0e5270b8
src/domains/estimating/valueProvenance.ts	RECONSTRUCTED_ADDED_LINES	506a85ea1a6c056fd566404a371a901df5f7ec9b699eab80169524a43758bbc8
src/domains/geometry/__tests__/geometry.test.ts	RECONSTRUCTED_ADDED_LINES	eadae9599873b2013e864df36ad6176e583deb789bd324741ba2626b8dd66e95
src/domains/geometry/autoApply.ts	RECONSTRUCTED_ADDED_LINES	05dc5222555336b8460472c09eac79e2ab829c35b12682d8a2bc8b910783accb
src/domains/geometry/dependencies.ts	RECONSTRUCTED_EDITED_whitespace_unverified	49dc600a39ca7dd313f4431dfd40a17f81aa6da0408dc492f7e9b0cce658f800
src/domains/geometry/derive.ts	RECONSTRUCTED_ADDED_LINES	bc9470b026a95c201e880faa17c25640bef82eb6e895c9157d78a971c77425d8
src/domains/geometry/index.ts	RECONSTRUCTED_EDITED_whitespace_unverified	7fd35b4431e661358fd73a4f23006cf48a64a6040dfa21e870bb76593f89114f
src/domains/geometry/propagate.ts	RECONSTRUCTED_EDITED_whitespace_unverified	83947cd815e71b42685c590771c9df5f1e0c4f79a9dbb6a333e583db1c684509
src/domains/geometry/types.ts	RECONSTRUCTED_ADDED_LINES	0130a109775e5021d02af19510a75cb73d0c4b40155e328ffa8d1d6a89650c90
src/domains/handyman/__tests__/handymanTasks.test.ts	RECONSTRUCTED_ADDED_LINES	80aed323ff900c34cbfa68bedd1538ae4365c7003c3d7064a0507fadd951e7b1
src/domains/handyman/estimate.ts	RECONSTRUCTED_ADDED_LINES	d78dd4b9f59446ef2cdba98962899cffa270f7ed03e3af3b67705814e281bf0a
src/domains/handyman/index.ts	RECONSTRUCTED_ADDED_LINES	8dbd49aa1d65db92416b1b7b9cef69f161e2fdb7229205443e90e8dc59e29f20
src/domains/handyman/questions.ts	BYTE_VERIFIED	9dcfe1f1f6a553dc322d3ddf09b3453b7b226d9550e3324d68ad565baf4e3edc
src/domains/handyman/recognize.ts	RECONSTRUCTED_ADDED_LINES	3ce83cbe69de1d02e193264f2c288a2c63ef0d54937e27408ad574798f5d0f33
src/domains/handyman/sources.ts	RECONSTRUCTED_ADDED_LINES	f3d085f16a744a5d3ecaf6a00fc10065c06c86ab75f0ba214b78839feffee71e
src/domains/handyman/tasks.ts	RECONSTRUCTED_ADDED_LINES	bf26fb0036e4da8743aae773e950ace18ca2bba79a7696a60bcd87ff62ce7d28
src/domains/handyman/types.ts	RECONSTRUCTED_ADDED_LINES	c7f808faeb2669cecae37166a07a7cb7150069d5e86cde07f7c43a275c2fd2aa
src/domains/knowledge/__tests__/knowledge.test.ts	RECONSTRUCTED_ADDED_LINES	e665ae755cf1b9e0fc43dde0121fe7bc1cdf6235e754d97a29f1a70a781c4162
src/domains/knowledge/catalog.ts	RECONSTRUCTED_ADDED_LINES	6a58b4c378504dc0fd73861816a4168e686966e6556bb5ebfa1ad3fa852ba7f2
src/domains/knowledge/copilotBridge.ts	RECONSTRUCTED_ADDED_LINES	9470461bc369d34b03680da25fe7672aa69d75b2409845a09384da6cde143ac8
src/domains/knowledge/extensionPoints.ts	RECONSTRUCTED_ADDED_LINES	10e3165404a4fa92deb626e635146e712ec590cb6c99cb9da8b6127a66eb3ada
src/domains/knowledge/index.ts	BYTE_VERIFIED	9a423a5a9a5e0b5785c05a4ec47891cd708958f3a8b22d2b0248857b4bd9689a
src/domains/knowledge/items.ts	BYTE_VERIFIED	d5f3d6ece67124ba4c1937058b9e49ae40ee90828a53d45103e5a63e46598ecb
src/domains/knowledge/matching.ts	RECONSTRUCTED_ADDED_LINES	c9c147efd4215f72db5d3735ca20c41791e4437e9cfa3aefd28e1439148e1eaa
src/domains/knowledge/overrides.ts	RECONSTRUCTED_ADDED_LINES	616323a494d41db79743a249e58280a06aac7d091d3f52196b1e751b856ced96
src/domains/knowledge/providers.ts	RECONSTRUCTED_ADDED_LINES	2ee7a4d6e9e1f2afc67152868a8e7b740b94a146353c2804a0081ef01d3b622d
src/domains/knowledge/registry.ts	RECONSTRUCTED_ADDED_LINES	59aec8bd06c38d155bfd230c8bd357d2172d627bd2ae69776322d7e2b5258569
src/domains/knowledge/service.ts	RECONSTRUCTED_ADDED_LINES	4ae12ed596eb548e6ecf22dddb21a0e4d63359a3e454b08148c8a6f0df8bd51a
src/domains/knowledge/types.ts	RECONSTRUCTED_ADDED_LINES	bb1c6f0242b7fe2730a1fd1288f816c324926789274a211e4e20c739f8ddd5b9
src/domains/knowledge/versioning.ts	RECONSTRUCTED_ADDED_LINES	8048ac4f7be39d8eb878c74d007d664c672150cbf9b58b6b2192ab41bfaddc26
src/domains/legal/documents.ts	RECONSTRUCTED_ADDED_LINES	04ed1b5f127b471b03b6546916007b6e24abe85eeec525c1665f795a44993a1e
src/domains/localizedCost/registry.ts	RECONSTRUCTED_ADDED_LINES	27fe1e2c09ee047681475f9ebd81a0137237077dd6dab06393a5e8f599da6e65
src/domains/localizedCost/types.ts	RECONSTRUCTED_ADDED_LINES	4467bf7f5885d6c238849a7fcea74476d80fd2a5799eaa60b3ff3520f8bd1d78
src/domains/materialPricing/providers/bigBoxHomeDepot.ts	RECONSTRUCTED_ADDED_LINES	fc07842253fb7cae076004341a7800957cc42cc34eb33cddef6082024c2416b2
src/domains/materialPricing/registry.ts	RECONSTRUCTED_ADDED_LINES	ba00ffbecb35ca796689b8e8487afd2d5d11020fa64ebe1afd9afaa2b6d0e72e
src/domains/materialPricing/service.ts	RECONSTRUCTED_ADDED_LINES	b314e5fbea96d5925ebf426392b65da7be52b8df5ea3adbb7fb04ea10a3ac581
src/domains/materialPricing/types.ts	RECONSTRUCTED_ADDED_LINES	9f273d1f1b88df98ae922fdda8481d49e6c3f97dfec189e270b8cb3bbdd5f5a5
src/domains/measurement/imperial.ts	RECONSTRUCTED_ADDED_LINES	4498fb180000381779a0b9e8687afebc4e793e545cf8a552c925377ff75492a6
src/domains/measurement/index.ts	RECONSTRUCTED_ADDED_LINES	5f45f7e1b01ff6e64e60aac98b5ff5176faefe5f9ddc636b43dd4d954e61db61
src/domains/measurementCapture/index.ts	RECONSTRUCTED_ADDED_LINES	ac5bf0acb682a431d3acb8fcc29fb52c25db9cbd8c123c79d5353b3ee40143ac
src/domains/measurementCapture/parse.ts	RECONSTRUCTED_ADDED_LINES	26b50c13c32fba8656ad9e18484d47618e8974af4fa3dd5a4b4ecceefddd6e2b
src/domains/measurementCapture/types.ts	RECONSTRUCTED_ADDED_LINES	f14d2269eef068e09e4cc6c94522c084ae26fa28b2aef5cab21cc0cb85f463e2
src/domains/narrativeScope/__tests__/decisionHygiene.test.ts	RECONSTRUCTED_ADDED_LINES	41cb071e05d95a2f64bd1612cd35179759aca41aad247c9d8e95207d5101e3c0
src/domains/narrativeScope/__tests__/narrative.test.ts	BYTE_VERIFIED	82bbc972da2b0be566b12b4d67535f911f20a03f7ee3d79cd448b9c6aa714cbe
src/domains/narrativeScope/__tests__/scopePresentation.test.ts	RECONSTRUCTED_ADDED_LINES	74afa0ae7eac460a0f9dd9d47d7e00d696d569e983f21043531a7a0233454b91
src/domains/narrativeScope/__tests__/scopeQuestions.test.ts	RECONSTRUCTED_ADDED_LINES	b7ceceb9c57f613550bcb8ffec7fc704eed0872b7d243a43352940bf50595a2a
src/domains/narrativeScope/answerTranslation.ts	RECONSTRUCTED_ADDED_LINES	7cb82f060a0abb3c564708a05feebf8e16bed99b1a1bf41afdf5007668ebecd7
src/domains/narrativeScope/generate.ts	RECONSTRUCTED_EDITED_whitespace_unverified	ac49a0d23947a14bf55e03372df61eaaa06c725d4eaae761f49e20007f7e2396
src/domains/narrativeScope/index.ts	RECONSTRUCTED_EDITED_whitespace_unverified	b598689bde85044336c344ee5af69a01c58bf0d8562c961774e4926af088e942
src/domains/narrativeScope/questions.ts	RECONSTRUCTED_EDITED_whitespace_unverified	19a59711f005bcb2abe7533fbbb5be22709ae1215fc0ba7090221a455de1550b
src/domains/narrativeScope/sanitize.ts	RECONSTRUCTED_ADDED_LINES	5e394cc893b139ca94c7098a9eed5ea93faeff5864f41355188e58944c009e56
src/domains/narrativeScope/types.ts	RECONSTRUCTED_EDITED_whitespace_unverified	2e24a2bbd6c1bb959dad20b159fada409d4c5286df76202318a7e7b479d6abf1
src/domains/permits/benchmarks2026.ts	RECONSTRUCTED_ADDED_LINES	673dfe6c8d6e8d3c5b2fc76d1cc87ef654189bd9e2e0cb85c9ee74f72eae16b9
src/domains/permits/index.ts	RECONSTRUCTED_ADDED_LINES	221e7f74ee6fa9fb4a577c1a7cfeb5213fdf8bb40ea7b81686de66fc8fe7046b
src/domains/permits/requirement.ts	RECONSTRUCTED_ADDED_LINES	5cc8b4e29ca11aa57da99180468d516a925915f18b169522c7b969401b06224f
src/domains/permits/resolve.ts	RECONSTRUCTED_ADDED_LINES	daee1b850ab19fe054c48f223a8e21c8ac690882ca8507d52745e7960341df2e
src/domains/permits/types.ts	RECONSTRUCTED_ADDED_LINES	4d5c41023f320c7c21e067e34a54f00994113b21d3a2f762215d51f3f43ef6bb
src/domains/productSelections/types.ts	RECONSTRUCTED_ADDED_LINES	3916f00ea49c62b3736dc35b480e369faab28b1628f1ccbad6080c367a902bd9
src/domains/projectFacts/__tests__/canonicalFacts.test.ts	RECONSTRUCTED_ADDED_LINES	b1864bd13014f9cafc752967e488e7f188d49afcb8e5e2eccf1fa9e4bbfc7bad
src/domains/projectFacts/index.ts	RECONSTRUCTED_ADDED_LINES	40dfd6a04799d75dff9c454156cfcd3faa1cbe9d77ea1172f5b237241fba2372
src/domains/proposal/__tests__/clientScope.test.ts	RECONSTRUCTED_ADDED_LINES	e347f7517cddb85bc07fd094dd00f5526bc8f5e0c0099219126a8238e5fbe857
src/domains/proposal/__tests__/pilotTerms.test.ts	RECONSTRUCTED_ADDED_LINES	663974a488fd37f88f8b5ae650ffe6cb081772868ed3788548103cfa5138942d
src/domains/proposal/__tests__/proposal.test.ts	RECONSTRUCTED_EDITED_whitespace_unverified	f5eaa730b0c7f6bd28752470b8fd054c25636591ac8f58f836b154b9e8922539
src/domains/proposal/__tests__/proposalScopeFallback.test.ts	RECONSTRUCTED_ADDED_LINES	d43b4db85fd53e2db1a2130f8d98d1e8ea84fd579d540551e0bff10c80709c7d
src/domains/proposal/__tests__/templates.test.ts	RECONSTRUCTED_ADDED_LINES	15a71b740fe37f6cb725ac4a19bb5c33af984b2cc1a478bf346f170e7ac8b1b4
src/domains/proposal/asIllustrated.ts	RECONSTRUCTED_EDITED_whitespace_unverified	cdb611bcf985b277a9c2e69af7f3f329f0cfd784571d65166036b1710f2853e6
src/domains/proposal/build.ts	RECONSTRUCTED_EDITED_whitespace_unverified	28dfe73734976bd4a2f1c028c06d8ef92feec419ba217a7c106e53fe4ebe7ded
src/domains/proposal/clientScope.ts	RECONSTRUCTED_ADDED_LINES	f111998a69256008f19c7cb053531a28087641de1ff005eff77ed88bbe089905
src/domains/proposal/content.ts	RECONSTRUCTED_EDITED_whitespace_unverified	c62b5e05bb8beed0ff05b2d3f791f645cb72ad8e1a85f73cf5c3574d10dacb68
src/domains/proposal/extensionPoints.ts	RECONSTRUCTED_ADDED_LINES	55a02843c4add12e8cffc2bc92772c142e6e7eb7302d13279f0a843fb0c36ee1
src/domains/proposal/galleryLayout.ts	RECONSTRUCTED_ADDED_LINES	92468f9761f8970b0f81ed93bca79f51f63556da41b25e2c5149494f3c541883
src/domains/proposal/index.ts	BYTE_VERIFIED	5e3cc30dcfdcde677cd286408b0261f91f45988927975c0701693a7c0cfc9abb
src/domains/proposal/registry.ts	RECONSTRUCTED_ADDED_LINES	dfabe0b85590af7956df59b762eb60e66b5a3e88a62865059e9eeba6a503f9bb
src/domains/proposal/sanitize.ts	RECONSTRUCTED_ADDED_LINES	7506a093d7e0a51bda6fd2d186b782c09e325d870356eeae192db49d58ae3978
src/domains/proposal/share.ts	RECONSTRUCTED_ADDED_LINES	4dcc21b00aa00df99be8492fd6e3727826bd99086914ce2d59890f46efc33d7d
src/domains/proposal/templates.ts	RECONSTRUCTED_ADDED_LINES	cae20ca30df2deafb7a8dfff0e8bca16815acc918e76834323ece7f774573b09
src/domains/proposal/terms.ts	RECONSTRUCTED_ADDED_LINES	c3b3373d754a6a75d0e440e529d13671c24dcc7306fe64fdb3cc8bfaadf7ad38
src/domains/proposal/themes.ts	RECONSTRUCTED_ADDED_LINES	c967fc833e5e13e428266434c55347a28e097a2a2e62645397bcac03294cfc1e
src/domains/proposal/types.ts	RECONSTRUCTED_EDITED_whitespace_unverified	cbf50b469e2a5bc5dcdea1184e1046bec50c5490e78e093dc226df4ffbf20662
src/domains/proposal/vision.ts	RECONSTRUCTED_ADDED_LINES	7188134957f4a5251f4475ae853993cd1f74bdc3a5ce6a6a0990f0364f72543c
src/domains/provenance/__tests__/provenance.test.ts	RECONSTRUCTED_ADDED_LINES	664df639805b45a296e6ce7ba46e70b9fddc46e2819d1e3e643d2627cf746c68
src/domains/provenance/index.ts	RECONSTRUCTED_ADDED_LINES	4b425641697fd835613fcff9c3e1b8e6afbff1925215b32ef440466471feeb03
src/domains/qa/tradeCoverage.ts	RECONSTRUCTED_ADDED_LINES	8321ce32a1242326d1f2c6683abc8d5d547583b9299f86676a33f978d1a0eaef
src/domains/questionPolicy/index.ts	RECONSTRUCTED_ADDED_LINES	59eb00da394c0a59ce05de30648f0493f6e5f6964ede9010b621f4cd969fe090
src/domains/remoteVision/__tests__/remoteVision.test.ts	RECONSTRUCTED_ADDED_LINES	38fb2c7a4f929b988601aa60a71a1346d75216636fbdf823e7842111b8865e1d
src/domains/remoteVision/actionVerb.ts	RECONSTRUCTED_ADDED_LINES	220c44efa6e762cd8fa9eae5d344af888e87bb193be36b6d217ab8bbc5bb0dd2
src/domains/remoteVision/analyze.ts	RECONSTRUCTED_EDITED_whitespace_unverified	b19e1ea535d97fd1cbc34756030240575e0b4fe7a8557794cf931bdb28bd8445
src/domains/remoteVision/assumptions.ts	RECONSTRUCTED_ADDED_LINES	63249928c6668b3254bd21f1e9b9323f4aee0d8827a4f2d629df8577c1409451
src/domains/remoteVision/ballparkAllowance.ts	RECONSTRUCTED_EDITED_whitespace_unverified	4c06c5b7483716d78209ec87d94d286af4ce80b4c495b9c364e9233fed126785
src/domains/remoteVision/canonicalPricing.ts	RECONSTRUCTED_EDITED_whitespace_unverified	282c399dc188bacf03e0e13ceca06847d85d35212f2315bd53947c7cd5c161da
src/domains/remoteVision/commitPayload.ts	RECONSTRUCTED_EDITED_whitespace_unverified	0df90a6806e864581a1e1c6d2d11bc7c322b85651217aec520754bf55543e307
src/domains/remoteVision/context.ts	RECONSTRUCTED_ADDED_LINES	5043ae22a0b2a3774d6d68c46b44cd2bf91753d5d32fa683423dac43a7ab05f0
src/domains/remoteVision/deixis.ts	RECONSTRUCTED_ADDED_LINES	4b23361e4f8fc62c743d44b248769350106fbf37c7b09c1da50dbe3b80fd4c0c
src/domains/remoteVision/descriptionMerge.ts	RECONSTRUCTED_ADDED_LINES	af1fe07da2f86a8a28c93e605ae205ad7210a575cbaff239fcbf4614603a3121
src/domains/remoteVision/durableHydration.ts	RECONSTRUCTED_EDITED_whitespace_unverified	bd6b69e88fc69a55415d00ea19c15b9e084dc5494d41b09eeae108ce7a5a8561
src/domains/remoteVision/estimatorReading.ts	RECONSTRUCTED_ADDED_LINES	dffdfdb9c027446a7d146fe6f58354ebece8d857a40787eeb798ae748529ecbe
src/domains/remoteVision/extensionPoints.ts	RECONSTRUCTED_ADDED_LINES	4f19e6e3955400c119c5de0d145ef5a3dba5eebb31dfa3837c481d857e6051ba
src/domains/remoteVision/featureAssembly.ts	RECONSTRUCTED_EDITED_whitespace_unverified	57d9493db61a5a8d4d950f25072da9538815876d975f90f05b3b73e0290cfd7a
src/domains/remoteVision/fusion.ts	RECONSTRUCTED_ADDED_LINES	f4e6e0fa47e82937e225dd29ec995ac1568407c8a8bbb772a44469aff3c5f4e7
src/domains/remoteVision/index.ts	RECONSTRUCTED_EDITED_whitespace_unverified	a94ab8771bdb301b5dda8b45d04a43fd1105badb4d59a5dab7c6829c07567a86
src/domains/remoteVision/lexicon.ts	RECONSTRUCTED_EDITED_whitespace_unverified	666d7dc344b3bafb7a7f7bc8ddea7f95771db5451d18ab29806b8666005664a5
src/domains/remoteVision/narrationEstimate.ts	RECONSTRUCTED_ADDED_LINES	3e2414948de8ee56fe537cec8fe243c02001e470294bff956403c97657a44ce5
src/domains/remoteVision/narrative.ts	RECONSTRUCTED_EDITED_whitespace_unverified	63db67aa48a2837fd0ed070edd6549b63782735ca201e4ff2cc1496deec0ea24
src/domains/remoteVision/ontology.ts	RECONSTRUCTED_EDITED_whitespace_unverified	529a6520dfaa6581cac83ff84f5c8b3728fda496dd27faf6c3d6b9d7155a3037
src/domains/remoteVision/pricingGuard.ts	RECONSTRUCTED_ADDED_LINES	737f199af4d7650617d96352fd882e61ea4ef587c525fb44ca3c6873d175121d
src/domains/remoteVision/projectScale.ts	RECONSTRUCTED_ADDED_LINES	9d8fce42a0cc8791d98a2db3dda2108b050a04f87c2fc5f5bf3ebf43b87b308f
src/domains/remoteVision/questions.ts	RECONSTRUCTED_EDITED_whitespace_unverified	467ae2db53db4529ca659a58c2432bfe9990a5cded82e85274e44ec34133d285
src/domains/remoteVision/registry.ts	RECONSTRUCTED_ADDED_LINES	148bdf855242e1938ee54ac6bf1a6c1a36367a311966f3d1ba4ec663d9657f9e
src/domains/remoteVision/scenarios.ts	RECONSTRUCTED_EDITED_whitespace_unverified	0c40492acff1c279a0972f458b79be402172aae81ede764a0d07fcb8a30ca6da
src/domains/remoteVision/spatialContext.ts	RECONSTRUCTED_ADDED_LINES	92f0a6f39da039a5d2fa8d5972f71f1e36c2f0e23aaaa0221130b1b71221eb14
src/domains/remoteVision/types.ts	RECONSTRUCTED_EDITED_whitespace_unverified	4e17beaec8f07573fc6473302d34814021334f3dd4e551ecdb3e671fab4db041
src/domains/remoteVision/videoIntake.ts	RECONSTRUCTED_ADDED_LINES	c2b1a36c472660d002e587f13b0a68c5b11d3337f02f5d2c73bdf576dc25ea66
src/domains/remoteVision/visualUnderstanding.ts	RECONSTRUCTED_ADDED_LINES	120cf46035024b66ce42c998a33ebf8d15e92d271d0896f8f2ba563ed09ca861
src/domains/scopeAdmission/admit.ts	RECONSTRUCTED_EDITED_whitespace_unverified	a261979e7cef76d759908b9d4c32866cfc08b3bfb71be084cfa64cd632ceed6f
src/domains/scopeAdmission/index.ts	RECONSTRUCTED_ADDED_LINES	aa7c4ae4828e39685031ef20ef80255293fe89aadd15b6f704832a09fd235e51
src/domains/scopeAdmission/punchList.ts	RECONSTRUCTED_ADDED_LINES	5b6c882ef5d198ab47758e4d17f5ffdc4dda72f58b9cdc0cbd77232a6f7e3f11
src/domains/scopeAdmission/types.ts	RECONSTRUCTED_ADDED_LINES	6a1eaa58a11cd2313155b6888508970c8266575ace0e690dd7bb149b269c2954
src/domains/scopeGrounding/cabinetRuns.ts	RECONSTRUCTED_ADDED_LINES	5eaf6c576e04d55964b19cbf141d1ab47db0ca277d68e00e2ea7c8361a035b61
src/domains/scopeGrounding/cabinetry.ts	RECONSTRUCTED_ADDED_LINES	26ab4501eec607f182cfe2a9912cfb3ec04b7512247b8a81dddb9699ac4d15af
src/domains/scopeGrounding/derivedGeometry.ts	BYTE_VERIFIED	4cfced82097b9e94d41858f5a096dcd0ae4b5c8d21c063c3f2cc038073665b66
src/domains/scopeGrounding/entities.ts	RECONSTRUCTED_EDITED_whitespace_unverified	b1100a3f47b905e285007921b5ba20adbb4420b97ebbc56e061e07df0725fc15
src/domains/scopeGrounding/ground.ts	RECONSTRUCTED_EDITED_whitespace_unverified	b1e631377d4d6301817a65ce5c59167b65b00667fbe1e5a6160e402dc540726b
src/domains/scopeGrounding/index.ts	RECONSTRUCTED_ADDED_LINES	2f2efb86358c708c16d428cfdbb2b1176bfb37c170c6b001a5fb3d45463175b9
src/domains/scopeGrounding/measure.ts	RECONSTRUCTED_ADDED_LINES	50d873d431100dd6f6fc9b9891787e965df841e6aa2c0c63ce78cb125732574d
src/domains/scopeGrounding/rooms.ts	RECONSTRUCTED_EDITED_whitespace_unverified	6e9370a47259e7bb6545d04bd8ecd1e44931b4265749ab66a5c4d0f43a4aae67
src/domains/scopeGrounding/sanityGate.ts	RECONSTRUCTED_ADDED_LINES	feec4471bb7788fec81e6230d17149e09eaab9ad84dfb5f9c61e99c5255f8fe5
src/domains/scopeGrounding/types.ts	RECONSTRUCTED_EDITED_whitespace_unverified	6bbf1582b3eff85d00315ae4ef9e31971876d123c2d544a9acdc64724b954961
src/domains/scopeInterpretation/__tests__/interpret.test.ts	RECONSTRUCTED_ADDED_LINES	e2216af92b8825fd73132e19a0da579432dc481540542062f867d40408e91e2d
src/domains/scopeInterpretation/__tests__/scopeReconciliation.test.ts	RECONSTRUCTED_ADDED_LINES	dbfa5eae171e9e4475008c8cc0179d504a72deab7fdfc4a0b445d6ed827cad0b
src/domains/scopeInterpretation/index.ts	RECONSTRUCTED_ADDED_LINES	39fa0846e7357f4b5be4cf0a3f5afbdda8714b4cc92e6ae61ae03e93b518776b
src/domains/scopeInterpretation/interpret.ts	RECONSTRUCTED_ADDED_LINES	9dbb32c73e8ba3a1bc26cb0c174e329d163d82d87dd7d60281e840a0b3c2829a
src/domains/scopeInterpretation/reconcile.ts	RECONSTRUCTED_ADDED_LINES	52a43970a160473ce55f2f68d6a7b70ecee224b5bdb5fae6080ff27ee66653c9
src/domains/scopeInterpretation/subjects.ts	RECONSTRUCTED_ADDED_LINES	4916c10e2803e8ebe2413edf78d06d66fb7c98ff9d6a3b9d7130e21b90d6c98c
src/domains/scopeInterpretation/text.ts	RECONSTRUCTED_ADDED_LINES	033aad1fcf45bdf546fe19668f846f65ba45f819e6078c8600b15206b539cec5
src/domains/scopeTemplates/compatibility.ts	RECONSTRUCTED_ADDED_LINES	6b87e55e60e445bbc6c81a09fdc9619b0e2ec686fb17671c52dfefe723f2d728
src/domains/scopeValidation/index.ts	RECONSTRUCTED_EDITED_whitespace_unverified	20bae0da2a254774d2d58411c54d2b73f2c38ca47b12bfe649350bf59dd4cb12
src/domains/scopeValidation/reviewStage.ts	RECONSTRUCTED_ADDED_LINES	a5b9acff069b94435a02e80ae1c8c302473ccaa3e0af3b2cedb564226e43bde9
src/domains/scopeValidation/types.ts	RECONSTRUCTED_EDITED_whitespace_unverified	75b6074c0e88a989f25e276cd6f6f718427be53e4d2e92055f2354de8db898e3
src/domains/supplierCatalog/registry.ts	RECONSTRUCTED_ADDED_LINES	25ac332ab0e11e6b13b4330251aa725ae82bec9527e395d3e8d0f317c35ae470
src/domains/supplierCatalog/snapshot.ts	RECONSTRUCTED_ADDED_LINES	a98412a740c8fc3e7745cd104829016e9a0fc70ac653ec0f00da6bc0ea74489a
src/domains/supplierCatalog/types.ts	RECONSTRUCTED_ADDED_LINES	031c197d491bbc06057bd988c2b2c114bc85ef2597eecc35bd6cc37637a79384
src/domains/terminologyMemory/index.ts	RECONSTRUCTED_ADDED_LINES	9ce7c63e1dfc1840cb4dc2566c9333f3b7e5b6813fc79e5e808b23ac196ffb34
src/domains/voiceCapture/__tests__/parser.test.ts	RECONSTRUCTED_ADDED_LINES	c853bf938adb004b69a2e0798093f2ea633830b127d4feeb3eab980f81d7cd87
src/domains/voiceCapture/extensionPoints.ts	RECONSTRUCTED_ADDED_LINES	324791aef81be704d8548d4c50798c11c3864b7ce3882ea98fb2d9be3c313676
src/domains/voiceCapture/index.ts	RECONSTRUCTED_ADDED_LINES	38c0f44a30afc3f3971671dce8b19f94e0c71aeb8de634e805434858f87bb514
src/domains/voiceCapture/lexicon.ts	RECONSTRUCTED_ADDED_LINES	b6586846861f3f896a6adc686948c532b6e736be8c8b8344263620981021850c
src/domains/voiceCapture/matching.ts	RECONSTRUCTED_ADDED_LINES	67a5030f5a020e43d80b1a26efb801669ee493871f5f5ddaf573bbe844fd82a2
src/domains/voiceCapture/parser.ts	RECONSTRUCTED_EDITED_whitespace_unverified	d39c2921d3dffa864241c6695de6c207f9a2803a7e808fab0d0eb4e34bd354ec
src/domains/voiceCapture/types.ts	RECONSTRUCTED_ADDED_LINES	7dc9ff977b4fb548e3d27ca6a209b76b3efe84f5bb3fd35a33fa74116df2eb28
src/domains/walkthrough/__tests__/walkthrough.test.ts	RECONSTRUCTED_EDITED_whitespace_unverified	a95c592826f9ea5f9d9d9e7a6811a5b3ec0c2022c2a57d29c1b1cf241e7b1373
src/domains/walkthrough/dedupe.ts	RECONSTRUCTED_ADDED_LINES	b8258d9a874453c00ee5dcff5203bf0106744d4d52aa91715927c9da8ae6a1bd
src/domains/walkthrough/index.ts	RECONSTRUCTED_ADDED_LINES	1771f1e1c36f7cd4b2e33ad78c1d1811828100deae726efabe08def95c3295f4
src/domains/walkthrough/machine.ts	RECONSTRUCTED_EDITED_whitespace_unverified	f7dde0bb3254ba8c1ca1ff8e1b29a1ea906a03df0d302e8ff900b4862ab5a354
src/domains/walkthrough/questions.ts	RECONSTRUCTED_ADDED_LINES	bfd83ea4cb2019d6ccab565ddca3bfabe50ec683c93f6a8dcdf55975f4394b86
src/domains/walkthrough/types.ts	BYTE_VERIFIED	b6148d19497b8a8129c201f4d7348ecbe7391a2804d216d2bb0c0c67909cbaff
src/domains/workRecognition/geometry.ts	RECONSTRUCTED_EDITED_whitespace_unverified	a7dabcc2d341e1b15787b07f4d59d2a5e0656032c7b4d0becbf785a0ba9c6416
src/domains/workRecognition/index.ts	RECONSTRUCTED_ADDED_LINES	20e84ec36802d768a67778f387b6fbeb8d5b4cb0fc9e50e5a98942f29c3b9d3d
src/domains/workRecognition/patterns.ts	RECONSTRUCTED_EDITED_whitespace_unverified	64ed008da4a67772be62f937e9d19a580e9cfd3107261e0d6df7dc6a019b59aa
src/domains/workRecognition/recognize.ts	RECONSTRUCTED_EDITED_whitespace_unverified	7dacd813c16e225f3c16d737c79d66ced2e72fc41af059d3b3807192c426e369
src/domains/workRecognition/resolve.ts	RECONSTRUCTED_EDITED_whitespace_unverified	46f15eec03d52d254baee1bb937ef2859c809c7a3e25f6be30bbd5fcb48f8edb
src/domains/workRecognition/sanity.ts	RECONSTRUCTED_ADDED_LINES	a944463c2df9ea391ef586891cd01f2885a1cda5bd1d3169551c605d804a4b4b
src/domains/workRecognition/standards.ts	RECONSTRUCTED_EDITED_whitespace_unverified	d53ca6a4b2d7c3ea5126fd95eac90f62f11ed95a4ec7d2d969a453495dc04e9c
src/domains/workRecognition/types.ts	RECONSTRUCTED_ADDED_LINES	729377e27bf7d8976bfaac7db67005a83a10ec71e643faf3bdd0a07df202fd9b
src/domains/workRecognition/units.ts	RECONSTRUCTED_ADDED_LINES	d0fb617fa757695e3c06b924429977a8ce9ec4c71731d551df4760ef46004963
src/domains/workScope/__tests__/multimodalEvidence.test.ts	RECONSTRUCTED_ADDED_LINES	07c64e5945231dd6338bbf08051cec2d736f62028de2622582719f62a4282b8d
src/domains/workScope/__tests__/qualifierGrammar.test.ts	RECONSTRUCTED_ADDED_LINES	426b4aedd04e3c4d2a01e121a397f28ad7bccf150ecaf071b5e6498c5e053367
src/domains/workScope/catalog.ts	RECONSTRUCTED_EDITED_whitespace_unverified	c8035ebf44b6af37eba64cfa73ebb35b50bce6d460ceac614604e76699af1cd7
src/domains/workScope/context.ts	RECONSTRUCTED_EDITED_whitespace_unverified	066db94231c75741bdb40a3969dec3611fa2d1bec0fd8cd239e5f81683d8faab
src/domains/workScope/guard.ts	RECONSTRUCTED_ADDED_LINES	114f1354bd6209158552daf4ff1766e3e537fdfcf9c563ed5fc0b0bcd76b4195
src/domains/workScope/index.ts	RECONSTRUCTED_EDITED_whitespace_unverified	26c0f7cc5791c7849a161e9e67889826484d6e3b37abf119802570ec3e005961
src/domains/workScope/taxonomy.ts	RECONSTRUCTED_EDITED_whitespace_unverified	fa066c475f5c8c4d73bc6b8fbd52cfe50c2dc28a3a8717fb3b02aca9a334f513
src/editions/contractor/README.md	RECONSTRUCTED_ADDED_LINES	efe8ff9fe36f006534672d2f9c868f40de4db84a32a2f9b89c2cc2261ce90ea6
src/features/auth/components/EmailConfirmationState.test.tsx	RECONSTRUCTED_ADDED_LINES	2f99d36a6532c967b135c4cb610b17d36a088e9fa9a00f13c3e332717fbc7333
src/features/auth/components/EmailConfirmationState.tsx	RECONSTRUCTED_ADDED_LINES	14c1e116274dab177d99d857152a58f393e532b9d6b3f765e943befb088ea9ad
src/features/auth/components/PasswordRequirements.tsx	RECONSTRUCTED_ADDED_LINES	1eda7790d57927e630fb7d7b32219959f3475cda486256e424ab1fe298aa1cc0
src/features/auth/hooks/useAuth.ts	RECONSTRUCTED_ADDED_LINES	e3916071a0820b0cb4b63634cf8822cb1cd2670d84a68e99ac77f8d6c38d2cec
src/features/auth/pages/AuthLoadingPage.tsx	RECONSTRUCTED_EDITED_whitespace_unverified	f8d98930b7f245e80c0b18291f3e781d0c4b1a85e3d019486fdcbdb33358710b
src/features/auth/pages/AuthPlaceholderPage.tsx	RECONSTRUCTED_ADDED_LINES	d79eeddb010c63da10f47ef0057d6c779b4800547a54a7f3ae27b57654febd88
src/features/auth/pages/LoginPage.test.tsx	RECONSTRUCTED_EDITED_whitespace_unverified	1023d60043a70ac1fd5fb1bd1f5af941c58774ba436e7a39e8c063895c00d2b9
src/features/auth/pages/LoginPage.tsx	RECONSTRUCTED_EDITED_whitespace_unverified	d659b40a99d5f66dfe24faeb390927f2752cf3c8225f5c24772d797d2c9f4b84
src/features/auth/pages/ProtectedPlaceholderPage.tsx	RECONSTRUCTED_ADDED_LINES	6ca55f9384a6ae5f15d6f889662cfe5a8e60fa1d019786a7e82ba5990c0e6645
src/features/auth/pages/RegisterPage.test.tsx	RECONSTRUCTED_EDITED_whitespace_unverified	b1199d1d3b07570d173fb15800252e59ae38553f34f094f8d494c3bded27df9b
src/features/auth/pages/RegisterPage.tsx	RECONSTRUCTED_EDITED_whitespace_unverified	06996e62f333037f6959842e40864504bcfece16304cc8c864e2b8712cc15f70
src/features/auth/providers/AuthProvider.test.tsx	RECONSTRUCTED_EDITED_whitespace_unverified	f3f05863b46f14251323698c36aa341a747634538a5820c5a5a8538145851d09
src/features/auth/providers/AuthProvider.tsx	RECONSTRUCTED_EDITED_whitespace_unverified	88f5001f2f5a6c5f72909b49f4205a80aeb10028ded4245da716c179884aebf5
src/features/auth/services/errorMapping.test.ts	RECONSTRUCTED_ADDED_LINES	1c87cc08c6912c5b5fd0e1650378f56af2293bdf81b87ed14693bcb02b3b542d
src/features/auth/services/errorMapping.ts	RECONSTRUCTED_ADDED_LINES	9005b610b2f4556f547150039c79ce7bc1bc05f98760e7542667f63795584703
src/features/auth/services/supabaseAuthAdapter.ts	RECONSTRUCTED_EDITED_whitespace_unverified	aba884c5b99754b8bc462efcabc39f8dab4c6ec356d5f809d7e1c0e9398bd5b7
src/features/auth/types/auth.ts	RECONSTRUCTED_EDITED_whitespace_unverified	62c342c5908db80f217b49cb3bc3c60f66f9887f4afe878422f7e27b02098813
src/features/auth/utils/maskEmail.test.ts	RECONSTRUCTED_ADDED_LINES	cb98ddca44038ae8766528ba0af403686320fc68df9fe003bfa02f3b8c0cad45
src/features/auth/utils/maskEmail.ts	RECONSTRUCTED_ADDED_LINES	ce2c2347ae5b8a40b9d9784929fd7897b49e1260b0faf1c16c6e89f77c52707a
src/features/auth/validation/schemas.test.ts	RECONSTRUCTED_ADDED_LINES	5b98af2994e433814efa19ab4a2e31e69c7dcca1c3ba8a88c27c76f509ad6af9
src/features/auth/validation/schemas.ts	RECONSTRUCTED_ADDED_LINES	5ca7ffc7610c5a0f6c4fc675b68046f1ede92d9fbc83460538519d9ce0677ff5
src/features/ballpark/__tests__/BallparkQuestionCard.test.tsx	RECONSTRUCTED_ADDED_LINES	d702dc2c6e4f2429f1c615c5a1b63f30a32debe9497ad28e9468488b30774ad4
src/features/ballpark/__tests__/ballparkEstimateBaseline.integration.test.tsx	RECONSTRUCTED_EDITED_whitespace_unverified	6abff097c073103b22efc528c1ab64c111fd2449bce25737318546c50a2faca3
src/features/ballpark/__tests__/ballparkSessionValidation.test.ts	RECONSTRUCTED_ADDED_LINES	1eceb7ea8763df4c4b8eaed653452eae582f524a2790d89bcde807dd18919479
src/features/ballpark/__tests__/interviewProgression.test.tsx	RECONSTRUCTED_EDITED_whitespace_unverified	b7238f68c829a4248249ce9087b9582c241863fc34f950fffa329caf6d44e419
src/features/ballpark/components/AssumptionsReviewPanel.tsx	RECONSTRUCTED_ADDED_LINES	54cb8b1de00deaefac3829982a7c5a008b4e85140bb9bcc7bed77286334a529f
src/features/ballpark/components/BallparkDisclaimer.tsx	RECONSTRUCTED_ADDED_LINES	bf4893c2567bf13af0ef07521cd61051cfe7cc72e174199c6751ebf29be1e085
src/features/ballpark/components/BallparkQuestionCard.tsx	RECONSTRUCTED_EDITED_whitespace_unverified	bfdef874f62c97cc21a4fe6e7bec2cc20a2463a6b7edae0597cd5526d5f29250
src/features/ballpark/components/BallparkResultCard.tsx	RECONSTRUCTED_EDITED_whitespace_unverified	3e72aa9350720dfb02f318d6cc377c77887f5772a09110fc54a3b26f8019a864
src/features/ballpark/components/DescriptionIntakePanel.tsx	RECONSTRUCTED_EDITED_whitespace_unverified	03228ae7ab214019d2196cc5fb9d841a6a92fbfd0a89d7ed8eb3523983ef8c2d
src/features/ballpark/components/InputLedgerCard.tsx	RECONSTRUCTED_EDITED_whitespace_unverified	0b299bdd5dbd824011078889b7cfccff9bad4afc7b27d6e3806d2aa241ce7434
src/features/ballpark/components/IntakeSourceChooser.tsx	RECONSTRUCTED_ADDED_LINES	eda05168538e7c2c1cd4d672bd325a43959e2327ff00ce41971edefc920add42
src/features/ballpark/components/PhotoAnalysisSummary.tsx	RECONSTRUCTED_EDITED_whitespace_unverified	43924ddfac1f4ab60fcd55dabcff170274b75029aeba5b920318ba1c93df14d1
src/features/ballpark/components/PhotoInferenceSummary.tsx	RECONSTRUCTED_EDITED_whitespace_unverified	dd39941819223746fa5e3516ed5c21dac743972e298f9cb24e54f967322567ce
src/features/ballpark/components/PhotoIntakePanel.tsx	RECONSTRUCTED_EDITED_whitespace_unverified	6dcf1f243482a0df42692cc50f8a403b51a185129f6582085d21ba243ad9782e
src/features/ballpark/components/ScaleReferenceCapture.tsx	RECONSTRUCTED_EDITED_whitespace_unverified	2033efc043160f2371b647915d81600774d3fcbf4737080a547d8d319217633f
src/features/ballpark/hooks/useBallparkBaseline.ts	RECONSTRUCTED_EDITED_whitespace_unverified	e03acb1ed5e4fd7af4232cfb970d02149c6ed240ba914a795cb8de5db6ca3b6e
src/features/ballpark/hooks/useBallparkFlow.ts	RECONSTRUCTED_ADDED_LINES	71095f5cd797aa316078965ffe9a0ad040eaa5b325d2fec2e7a7d5661f4ad8e8
src/features/ballpark/hooks/useBallparkSession.ts	RECONSTRUCTED_EDITED_whitespace_unverified	1f5e4f15d6c6fcc08f7e00f2929d0bf0201384dafc4264a51aef37880b4189d1
src/features/ballpark/hooks/useDurableBallparkSession.ts	RECONSTRUCTED_ADDED_LINES	1208e5f53ebf519a530593cb557ccc5e4b841fb7d93e88ec93f9ab090d7078fa
src/features/ballpark/pages/BallparkPage.tsx	RECONSTRUCTED_EDITED_whitespace_unverified	6361d91905b5d2c82085ab01f9c9262f3e06be2984fd0606f4104a62fbdbb353
src/features/ballpark/services/ballparkSession.functions.ts	BYTE_VERIFIED	a7acc22ab16c0f2d1d7a96da0515c88c1bd28db1855bb86a9441afb827123044
src/features/ballpark/services/ballparkSession.schemas.ts	RECONSTRUCTED_EDITED_whitespace_unverified	d555da5ef0a4e98e7f0076a85d8c966edc6187b8abbf05ef2c3a22709e17e453
src/features/ballpark/services/saveErrors.ts	RECONSTRUCTED_ADDED_LINES	1c80754d3496f1b607f4fc5ff6c27e8b0cfd160be88d8e827594aa5c1bf25ceb
src/features/billing/__tests__/releaseBatch.test.ts	RECONSTRUCTED_ADDED_LINES	d9bb86cb565331e3f5af0b9ed65472ca2b0ab71aeb82bbb7e45c263636972352
src/features/billing/pages/BillingPage.tsx	RECONSTRUCTED_ADDED_LINES	047d1f236c79bd2f8e031c02511bebb4274a5e1695d9ec7adffcb60235865456
src/features/billing/services/billing.functions.ts	RECONSTRUCTED_ADDED_LINES	ea8c45bc4fdc0ad690608e2bb8a5fca5d1b59b01fa6c1bb1eccf54c8f6082c3a
src/features/billing/services/billing.server.ts	RECONSTRUCTED_ADDED_LINES	16697997c695fce4bdd98fb69d7c7b3f4890fd2a3238571bb973a6c0db8e71a4
src/features/billing/types.ts	RECONSTRUCTED_ADDED_LINES	e1b8c657589f501d972ebad68488333a554b23ddeac9f84c9ca4ded69e781330
src/features/client-portal/components/ClientChangeRequestForm.tsx	RECONSTRUCTED_ADDED_LINES	68aaa3684482898f9f9f96eb041247e11a58d502e121ae40c9d33d1cd7740b22
src/features/client-portal/pages/ClientProposalPage.tsx	RECONSTRUCTED_ADDED_LINES	258d213f0da59a7a2dd3f7f725b4977cab9230dbfb9bfb9827755fce465c9047
src/features/copilot/components/CopilotConfidenceBadge.tsx	RECONSTRUCTED_ADDED_LINES	faf479a8263d7ae19e36d57f70cdeeb8d09d16129023ee3499eb0744815caa43
src/features/copilot/components/CopilotRecommendationCard.tsx	RECONSTRUCTED_ADDED_LINES	d9cf6a278a4920c0c596df11b1a918c9e2e1efabe562eaa812aa31a61ac7f49f
src/features/copilot/components/CopilotReviewDialog.tsx	RECONSTRUCTED_ADDED_LINES	7479308d9b8e524e0cf973a6f0dae9b3ab17ad6b79bfc21ac4527a4cd5cab796
src/features/copilot/components/CopilotReviewPanel.tsx	RECONSTRUCTED_EDITED_whitespace_unverified	04c036d5031a43f7a5057b68c61287a675ed7f81c4b91930ad0b894307a85251
src/features/copilot/components/CopilotSectionPanel.tsx	RECONSTRUCTED_ADDED_LINES	ce85d3b5c23cbfb8790ecfce748aef76ba34696aae2b03669e93d73f64f863d1
src/features/copilot/hooks/useCopilot.ts	RECONSTRUCTED_EDITED_whitespace_unverified	c24ae979547125fa27ef17d897fc2e00602e989ce0309be6e0793b4919280618
src/features/copilot/hooks/useCopilotDecisionStore.ts	RECONSTRUCTED_ADDED_LINES	c575278035dfcc6d444e0c318134d74b741a7f0da9e5b5d8d4f7247a41f8122a
src/features/copilot/hooks/useEstimateReviewCommit.ts	RECONSTRUCTED_ADDED_LINES	4199bd21cadb0cd36c7f3b982addddab462470b25be45f71ab495036650c69a0
src/features/crm/__tests__/projectIntakeState.test.tsx	RECONSTRUCTED_ADDED_LINES	4a36fbf70dad7286780a8ad1b6c68757f6f386f9f484e1e7583d94101d1fcedf
src/features/crm/__tests__/projectSort.test.ts	RECONSTRUCTED_ADDED_LINES	0c7f52165d9029e316c926621da01adbd694371a24c9ccaf0a65e3f10dbfd01b
src/features/crm/catalog/adaptiveOrdering.test.ts	RECONSTRUCTED_ADDED_LINES	cf4884dd2c8aeeeaa300d43c910f91bfd42adf4c040b5b5bd0949fd6b123b4ed
src/features/crm/catalog/adaptiveOrdering.ts	RECONSTRUCTED_ADDED_LINES	a5ddc745a60dda2057e8daac2710cb0eeb359e2061b51beaaa6f29297aa815f3
src/features/crm/catalog/businessProfile.ts	RECONSTRUCTED_ADDED_LINES	b54ba377b259940be6a805cf4f3c8db7d06454c44719a3feb4c39933548f5b55
src/features/crm/catalog/projectSubtypes.ts	RECONSTRUCTED_ADDED_LINES	02d2616595bc613f2fe8a486c811b189e4a985eb9ba190791f15d7e0d7ce7bd8
src/features/crm/catalog/projectTypes.test.ts	RECONSTRUCTED_ADDED_LINES	870a697614481bd26658f3d91a69a0c1513aa301e81ace7108d84484368e5920
src/features/crm/catalog/projectTypes.ts	RECONSTRUCTED_ADDED_LINES	51ccd9bd9728991d1a51e228ee038d4ddffd20122deef01498884f861b51e942
src/features/crm/components/ClientFormDialog.tsx	RECONSTRUCTED_EDITED_whitespace_unverified	c5ecdd15282d5ffe4ea355bc2204136258fd14570384049dbd74a752048f89d5
src/features/crm/components/ClientRecordActions.tsx	RECONSTRUCTED_ADDED_LINES	0e9be9b031bf9831e160b3c6869926d7c85bc0b583591cf798ec35e1c7b55543
src/features/crm/components/ConfirmArchiveDialog.tsx	RECONSTRUCTED_ADDED_LINES	520aa24705fc6acee2f0e171a9238d220b67ef5b06e07f0e632dfb996734e5bc
src/features/crm/components/ContinueEstimateActions.test.tsx	RECONSTRUCTED_ADDED_LINES	fed43e04903f89e9207d49d8a3ddbe68fa4266e637e37546f25097a97c53e26e
src/features/crm/components/ContinueEstimateActions.tsx	RECONSTRUCTED_EDITED_whitespace_unverified	a2a13a440726b2cc169dee31b0e2ee4c90a7e7988357209d16ae1d6e0bee85af
src/features/crm/components/CreateRecordActions.tsx	RECONSTRUCTED_ADDED_LINES	4f39050a721e3beaceaf5c75beb9ef40a0c0b00e9a4f103f9e56639995cf2680
src/features/crm/components/FloatingActionButton.tsx	RECONSTRUCTED_ADDED_LINES	614c27d0ff471aea2e0d56bc70ee7566c053a293f1436c381c0cf1af39843468
src/features/crm/components/ListControls.tsx	RECONSTRUCTED_ADDED_LINES	ec5ecdced5f96888bd1f994fba3c36332b92762417810252d70ff65fa8ff57d2
src/features/crm/components/PermanentDeleteDialog.tsx	RECONSTRUCTED_ADDED_LINES	20674ed563fbeabc5131ed754f664d6c584c8418c757502c8d3a8b7bf892f90c
src/features/crm/components/ProjectBallparkRange.tsx	RECONSTRUCTED_ADDED_LINES	db4c28796c0f00685cfa72ebaaee2495a4b15c4a9f9ae9aca2b03f8a9f741e55
src/features/crm/components/ProjectFormDialog.tsx	RECONSTRUCTED_EDITED_whitespace_unverified	fc17f88fe0ce7210e945fcd3ea3c535e3871c979d05b9e8d662434ebdd558631
src/features/crm/components/ProjectRecordActions.tsx	RECONSTRUCTED_ADDED_LINES	296590f6a0da7079f4e9e1621d0333aa64a67bceaaad6da421760ec7a7f40ef7
src/features/crm/components/ProjectSelectField.tsx	BYTE_VERIFIED	02edfdbc8e64c2ea971145e0c8fb9f9dec476c1ad963ea7bd80e2d97980c63b7
src/features/crm/components/ProjectSubtypeCombobox.tsx	RECONSTRUCTED_EDITED_whitespace_unverified	72c2d0e9b389b9b9b1d0724e91af98077b080c916d7756f1c0ecbcec71d241ff
src/features/crm/components/ProjectThumbnail.tsx	RECONSTRUCTED_ADDED_LINES	f5c102e5178ffc2b3a12bbb0dbdcb55900eddf93b5fff7754e66b6c72916a567
src/features/crm/components/ProjectTypeCombobox.tsx	RECONSTRUCTED_EDITED_whitespace_unverified	51a470e241417c5bf5b49114d840d4ed37873e00fec300b0987cf9bcc84399a1
src/features/crm/components/PropertyFormDialog.tsx	RECONSTRUCTED_EDITED_whitespace_unverified	de7b346875b713d5e0c8bc97ad902a4d3fc15aa9f73972b25be287b923447634
src/features/crm/components/QuickClientSheet.tsx	RECONSTRUCTED_ADDED_LINES	ac8d4408d3089162adb9bbc7ae0308d89498294b176889b33537e67114d8760b
src/features/crm/components/StatusBadges.tsx	RECONSTRUCTED_ADDED_LINES	d40e0fc9b4805f628c1c209224013e91b424a93682aed9ce9985ae1c774dccfb
src/features/crm/hooks/useCrm.ts	RECONSTRUCTED_EDITED_whitespace_unverified	07cbe4f9a905843d6b2059d8827bf8b891e71a6b5c09ff7f1af557ddaefb402f
src/features/crm/hooks/usePreselectedProject.ts	BYTE_VERIFIED	2d8c014c1bb07e38f9c4b6238c36700259790f8a7e78ec84fcce514e95e9b6c8
src/features/crm/hooks/useProjectIntakeState.ts	RECONSTRUCTED_ADDED_LINES	e732763a0c944d20f14ad735f089dbb4e94d4b49a2a6a215990a3102713665a5
src/features/crm/hooks/useRecordPermissions.ts	RECONSTRUCTED_ADDED_LINES	14ef15aceab7dde18a8059de5bcb100e843928d64d24a55f6c874b1aa9ed9940
src/features/crm/navigation/BackToProjectsLink.tsx	RECONSTRUCTED_ADDED_LINES	8fe4d1508b50a7cddd0f2c31fc3f1bda8825e21bbe52c8888049887796c5fa0b
src/features/crm/navigation/listReturn.ts	RECONSTRUCTED_ADDED_LINES	22a07d76f7a87bcb2a43ccb4c2f1f67747d98881852b7b80bbc289eb09cc5a61
src/features/crm/navigation/listSearch.ts	RECONSTRUCTED_ADDED_LINES	540f6500cf33fb7dae23160dbcdb287dc42df69b13e26a11ba8907032c53e087
src/features/crm/navigation/useListSearchUpdater.ts	RECONSTRUCTED_ADDED_LINES	c92c1f88fc5cbbe601e39689977d0e40a606dc61fcd6c494dfa1a04b8f495a66
src/features/crm/navigation/useRememberListSearch.ts	RECONSTRUCTED_ADDED_LINES	6b8cd02d6e000cfbf3ba35ec4d2a01c9ea3fa140b3fc08048598072573f1ee1e
src/features/crm/pages/ClientDetailPage.tsx	RECONSTRUCTED_EDITED_whitespace_unverified	1a5f765e36bfd1f8b345ea3fccc3c434fc79210eed4e0432ff95c9e6273f530b
src/features/crm/pages/ClientsListPage.tsx	RECONSTRUCTED_EDITED_whitespace_unverified	194acb497ef81c7fbbfd0b1a623f9ebb92c6f256f51b4d9fc3f6edcc0b206ddf
src/features/crm/pages/ProjectDetailPage.tsx	RECONSTRUCTED_EDITED_whitespace_unverified	ae329268c6ca01a5ec9a008aca75ea5c5f89dcfd02caafc86e84b1169a6b9cd6
src/features/crm/pages/ProjectsListPage.test.tsx	RECONSTRUCTED_EDITED_whitespace_unverified	37aa817094cf93b5b2dccae469407708c2b6d0e1af43cdc6c5ea79c2246feab8
src/features/crm/pages/ProjectsListPage.tsx	RECONSTRUCTED_EDITED_whitespace_unverified	3794eebcc450c2ed2bb93fe3b04bac3fb38c202683ce461ad87e0bdc1188cf8d
src/features/crm/pages/PropertiesListPage.tsx	RECONSTRUCTED_EDITED_whitespace_unverified	c9d6d9b96e6706e90d25f4ba1798d4194d1ff5aa79b21736ece36a62a81ac033
src/features/crm/pages/PropertyDetailPage.tsx	RECONSTRUCTED_ADDED_LINES	242571dd03ca95214e2fde5736af7869a4e95fc6ff9063f9259df8a6c95cebe2
src/features/crm/services/crm.functions.ts	RECONSTRUCTED_EDITED_whitespace_unverified	711b29a77f467052c4baef7985951cec0fc185f32594e43886d92ad57013a876
src/features/crm/services/mappers.ts	RECONSTRUCTED_EDITED_whitespace_unverified	6ec50c8ee21b9a501cf3ea86c8f7f95a3ee5388a5a072c81f0cd8649f2503f3a
src/features/crm/services/projectSort.ts	RECONSTRUCTED_ADDED_LINES	4111904b46418a66aa47c3365629bd07b139300a2b69818b45bfc7520d9dccf5
src/features/crm/services/schemas.test.ts	RECONSTRUCTED_ADDED_LINES	f47ac0be63c5ce1e51155c8028bd4364c313381574fea562ec4e1009195b2147
src/features/crm/services/schemas.ts	RECONSTRUCTED_EDITED_whitespace_unverified	5e72042d11ac3a0b7fcedb2212bb7e0dd02b6bc0fcc1691308e4b8338a29740a
src/features/crm/services/tenancy.test.ts	RECONSTRUCTED_EDITED_whitespace_unverified	3774e94ec34e07867399b33fa0fd2d73fbf71fc5bc7751db96f0db7ac2b4d376
src/features/crm/services/types.ts	BYTE_VERIFIED	4f63fa6c2f19c5787cded7fda035c167992f4c28965a9c1a860738a3bfb026fb
src/features/crm/utils/format.ts	RECONSTRUCTED_ADDED_LINES	699b054fcdc2f8f016bee3327d1b8d8efbc6be873c5e5a5ad53a97f397fd3386
src/features/crm/utils/projectType.ts	RECONSTRUCTED_ADDED_LINES	e09ca84296534345bd792d80f15d305ca3b1bb0a53592d580398e3300912466c
src/features/estimating/__tests__/applyLibraryPricingAction.test.tsx	BYTE_VERIFIED	0ad337322b2d06879f2278f23d42d8a8937e7a8035030f74a180a0d6d5c126b3
src/features/estimating/__tests__/ballparkSave.test.ts	RECONSTRUCTED_ADDED_LINES	a67c824d41a85c54c3b89e46d26eeb12dd9274b00005ce0f9ebf7e55cb82e4f4
src/features/estimating/__tests__/ballparkVisibility.test.ts	RECONSTRUCTED_ADDED_LINES	f21eb9a3cbfdfe337083c5c07358819f55a3fcd328bb99bc1f2822f226a7faa7
src/features/estimating/__tests__/compositePricingAction.test.tsx	BYTE_VERIFIED	0b47d3c56cf8b0bf7f6ffcad3d7c95a76a11d2a73e7e79756b32a19a6c3e85c9
src/features/estimating/__tests__/convertToDetailed.test.ts	BYTE_VERIFIED	da144f49b1646b139d368058bb1a6832a4508287fce2395d93bd0066cd41df99
src/features/estimating/__tests__/estimateLineageModel.test.ts	RECONSTRUCTED_ADDED_LINES	6064af6a451012d205ba2d6b3a85343c1dde4b627dba52d48af5d3dc961777f1
src/features/estimating/__tests__/estimateMode.test.tsx	RECONSTRUCTED_EDITED_whitespace_unverified	99a070eaa258456739465bc54862e340c01cf8da2470f3ccb52f9e4fb65392e8
src/features/estimating/__tests__/estimateRevision.test.ts	BYTE_VERIFIED	7c22803ad019ac6cd40a714b000731199f37286992fdb1744c611a828b2af916
src/features/estimating/__tests__/pricingIntegrity.test.ts	RECONSTRUCTED_EDITED_whitespace_unverified	cbd6a1f97833a05548eb5724bf7782a98d7f2a6184b18e689f232a298243e0d2
src/features/estimating/__tests__/reviewAssembliesAction.test.tsx	RECONSTRUCTED_EDITED_whitespace_unverified	2910621c6d4f5827940b3bc7590f20439afab01446e9c240dda7060c81b53be0
src/features/estimating/__tests__/reviseEstimateAction.test.tsx	BYTE_VERIFIED	fd5b8e8cc4d454c84929714aa7d75edc002f29d026be7f9c0ad6867c865128d8
src/features/estimating/__tests__/scopeChangeHandling.test.tsx	RECONSTRUCTED_EDITED_whitespace_unverified	2cf2702383e7938a815e622b41ff0d6c84a8b32da14b08a1b9b3bcb2b94ec7c5
src/features/estimating/__tests__/viewProposalAction.test.tsx	RECONSTRUCTED_EDITED_whitespace_unverified	39e58428a3c2b363faa7491f3e9e9ec48205d7d59f2e62ac4bee986aa876b29a
src/features/estimating/components/AssemblyReviewPanel.tsx	RECONSTRUCTED_ADDED_LINES	0903f195490964b0f6bfc632dfb0d63e4270f1bc856ea2d7e384e637f897a0c1
src/features/estimating/components/BallparkAssumptionRow.tsx	RECONSTRUCTED_ADDED_LINES	5ff058b8656dc654c2541d87989d8d797d850b57098288b9b6e6acec5055d3bb
src/features/estimating/components/BallparkRangeCard.tsx	RECONSTRUCTED_EDITED_whitespace_unverified	394b0fdeefa3408207f08d8440c113dacd0362b6b41d6c79ee0aa618dce61970
src/features/estimating/components/CompletePricingDialog.tsx	RECONSTRUCTED_ADDED_LINES	8120d9964f68c9a3f125626aea070f2cc95a88fa8b96016033023b3f1bba611e
src/features/estimating/components/ConvertToDetailedDialog.tsx	RECONSTRUCTED_ADDED_LINES	15925ff09adc75e889649a561470655926f4f22bf4090b3fcc4626053b5ad273
src/features/estimating/components/CopiedPricingBanner.tsx	RECONSTRUCTED_ADDED_LINES	e033a2245b69177f1c6c8d1f07a9f58fa11251789575c763f1aa6c0dd9c371a8
src/features/estimating/components/CopyFromProjectDialog.tsx	RECONSTRUCTED_ADDED_LINES	e610011a30736340a6ece6e32b74ac6f93e6c210404a4c3b9b5e23998e498a8b
src/features/estimating/components/CreateRevisionDialog.tsx	RECONSTRUCTED_ADDED_LINES	bcee602cd7995742ae91bd88d9d9231abd50294e0e431abc093745e5e90f1b87
src/features/estimating/components/EstimateCommitActions.tsx	RECONSTRUCTED_ADDED_LINES	2a1a45c3944e5ed5b1e089215035b90981f55a3f651c379a0c47435f2eb124e8
src/features/estimating/components/EstimateHistorySheet.tsx	RECONSTRUCTED_ADDED_LINES	8cf58f17ab3f27fcecdaceb959d06266e7ca4efce0f754df444359901e63f531
src/features/estimating/components/EstimateLineRow.tsx	RECONSTRUCTED_EDITED_whitespace_unverified	787124ccf0fe7886ff4234eb93551ab3eceb492d16f290f73bbad7e8f72c7398
src/features/estimating/components/EstimateModeCard.tsx	RECONSTRUCTED_EDITED_whitespace_unverified	3c45e3cf36b4fba222b25b0c72eb9cd10189bc2ccee4f5119e7347cdae809249
src/features/estimating/components/EstimateRangePanel.tsx	RECONSTRUCTED_EDITED_whitespace_unverified	f0356fbade5491e1cfe03b7f85a592329becc4f6d768064ce2431fd7a11da9d8
src/features/estimating/components/EstimateSettingsDialog.tsx	RECONSTRUCTED_EDITED_whitespace_unverified	6b3bcc5040f845c2a9ecd4024dbbf26066c02851d686640e3f742dbd206e5828
src/features/estimating/components/EstimateSummaryBar.tsx	RECONSTRUCTED_ADDED_LINES	7a58fedcc1447b10bd89f36cabdb22be9b23858f5185036edfef46882e64e23d
src/features/estimating/components/EstimateSummaryPanel.tsx	RECONSTRUCTED_EDITED_whitespace_unverified	348e33b2e00fcf26e45ae6975d1c2bd77b327b9a39740dd900153fc20648c022
src/features/estimating/components/EstimateTab.tsx	RECONSTRUCTED_EDITED_whitespace_unverified	e79e905ed9d91e9d8c35293674ea4126dd3b6d0206708636b0ebbd5d26f57400
src/features/estimating/components/FinancialSummaryPanel.tsx	RECONSTRUCTED_EDITED_whitespace_unverified	f59312125c2fd02ee1e80dbbd84371fa6438bd610bf2b579913fa9e38af2b1e8
src/features/estimating/components/GeometryQuantitiesPanel.tsx	RECONSTRUCTED_ADDED_LINES	36c0fcd44344072abf9881e48d9a94b398f598eef65bed89f8fed2c84a5713fa
src/features/estimating/components/IncompletePricingBanner.tsx	RECONSTRUCTED_ADDED_LINES	0d17dd19db08605938d3b28cd787e5401f2db13b9f52c12f8e4491cba3ab51a3
src/features/estimating/components/LaborHoursPanel.tsx	RECONSTRUCTED_EDITED_whitespace_unverified	2c038462e5b282c98752c2bf057cf153565417ecffa447d3ad1668876abcfc47
src/features/estimating/components/LineMeasurementCapture.tsx	RECONSTRUCTED_ADDED_LINES	a68d2a749d77e8215a378cf99aa3589b6651d00534ffc78fe978c6b2db0034b1
src/features/estimating/components/LocationFactorNotice.tsx	RECONSTRUCTED_ADDED_LINES	d73f66f54f38f16bc05ff5d8890e39ed262bf579f25c16b01cc2f8ca3bdb3ff3
src/features/estimating/components/MaterialsPanel.tsx	RECONSTRUCTED_ADDED_LINES	517b0060a6420968b26d4868e6c6874d5539dca4103955f21f71755afcb56500
src/features/estimating/components/MeasurementsDialog.tsx	RECONSTRUCTED_EDITED_whitespace_unverified	d0e3ad71329b917f49b1a447b9b8a842af67e479fa060313b73eb75eb39a3ddc
src/features/estimating/components/PermitAllowancePanel.tsx	RECONSTRUCTED_ADDED_LINES	f229ee709139635e462c235b3e03fb6f4e8ed15de902e033de2ca0b7e99b2696
src/features/estimating/components/PriceBasisSplit.tsx	RECONSTRUCTED_ADDED_LINES	2a2f77bf10734f6550c7710053c911341ee96f3ba881a6ede0e1830071fd79cd
src/features/estimating/components/PricingBasisSheet.tsx	RECONSTRUCTED_ADDED_LINES	f5ce1bbf24aeea0d4ccef7e22b1af8cdc6a0f125351ed4f923152f46699f9697
src/features/estimating/components/PricingConfirmationNotice.tsx	RECONSTRUCTED_ADDED_LINES	e4bc5c097c3fb4fb87c0d5ebd43bf50bb28554d7465229093adb8c0f62437831
src/features/estimating/components/PricingModeSelector.tsx	RECONSTRUCTED_ADDED_LINES	e782b4f4d512aa49e6ce218799d1f47ffa070aeb05c3d6ed5a8160a36a356d54
src/features/estimating/components/PricingReconciliationNotice.tsx	RECONSTRUCTED_ADDED_LINES	9340bf1591e01e5b87aee9e2f068937bf8ca93a78d8860b5450d5409ec3189d9
src/features/estimating/components/PricingStrategyFields.tsx	RECONSTRUCTED_ADDED_LINES	c14dd7d8278b9b66c61ff5aa02e46e0f9d890dfca8645b21f46329af538d7584
src/features/estimating/components/ScopeChangedBanner.tsx	RECONSTRUCTED_ADDED_LINES	a69acadc79376e79736a758732205dde72c80d60d951604638ee71971c18beac
src/features/estimating/components/ShoppingListTab.tsx	RECONSTRUCTED_ADDED_LINES	cf347c178912c75647f34041991a92589237b8bb3e9e46a54c459bd8819a6f7b
src/features/estimating/components/UnresolvedLinesPanel.tsx	RECONSTRUCTED_EDITED_whitespace_unverified	29cfab0336606c85c8aaf665aa0ff898c81f05691a980a192ca4377a79a22a6e
src/features/estimating/hooks/useAssemblyExpansion.ts	RECONSTRUCTED_ADDED_LINES	a1a22c5434a3a1f1c0b90ea8f9697910888538adb83f24424db3bc05066671e7
src/features/estimating/hooks/useBookPricingLocation.ts	RECONSTRUCTED_ADDED_LINES	f24f4ae0387b9b885fd9a48124e9e3735afface06d595530051c70c8a9365c83
src/features/estimating/hooks/useCostBook.ts	RECONSTRUCTED_ADDED_LINES	73ec087f357b42a04ad353e685baa5c213f93d8569bfbac94b7367976a4834f1
src/features/estimating/hooks/useEstimateCommit.ts	RECONSTRUCTED_ADDED_LINES	04042ee9cc91a64ee06e9b1dbe98883fe3bd1290851601fe6988a62bc91e9712
src/features/estimating/hooks/useEstimateCopy.ts	RECONSTRUCTED_ADDED_LINES	a065ef8da1e339d2411836df40caf4c1d19b1ab8470438b2ec590629989a8073
src/features/estimating/hooks/useEstimating.ts	RECONSTRUCTED_EDITED_whitespace_unverified	38f036a2958e54e7428edfa3adf4c6ccb96b99beb0bede5c6454a263b6ae3767
src/features/estimating/hooks/useMeasurements.ts	RECONSTRUCTED_ADDED_LINES	2498dca28d68324fe47f24b6e06fd3c30ce76ae9b151c5a1898740d80b610cd2
src/features/estimating/hooks/useNarrationScopeRecovery.ts	RECONSTRUCTED_ADDED_LINES	2698e380729885a270b62aec7b7aaba686c1535cfee34233697f67d33a27907a
src/features/estimating/hooks/usePermits.ts	RECONSTRUCTED_ADDED_LINES	31aae8ff04b43c07569b875799de8a61a7c05d68b0fcce57dd74a5f156e258f0
src/features/estimating/hooks/useProjectScopeContext.ts	RECONSTRUCTED_EDITED_whitespace_unverified	4a8bc19a841d68ba3700883170967f995a23f2aa1968e16610bce361d3a5e415
src/features/estimating/measurementTypes.ts	RECONSTRUCTED_EDITED_whitespace_unverified	7c04b4d4221d9044906422709d7c3d77ded8ccfab159fe748df0658f7c17062f
src/features/estimating/pages/CostBookPage.tsx	RECONSTRUCTED_ADDED_LINES	59af4dc63e17c17f46f26178816f7e27eefa92cafa6db1ed3e1469723ccf39ad
src/features/estimating/revisionState.ts	RECONSTRUCTED_ADDED_LINES	6a7e176604fa654fb59a5c4bdd551fd7258fef32abeb6fc33f484785b16ff18b
src/features/estimating/services/__tests__/assemblyExpansion.test.ts	RECONSTRUCTED_EDITED_whitespace_unverified	beb5fb477b93d5394cf7a85e85f3da120d1a425118848b6781db25a8a748bdcc
src/features/estimating/services/__tests__/estimateCommit.test.ts	RECONSTRUCTED_ADDED_LINES	e2d6f11b05c73bc0c8e04ce9f33c7ba5c840fe0b6b30f975d798400eb0741366
src/features/estimating/services/assemblyExpansion.core.ts	RECONSTRUCTED_EDITED_whitespace_unverified	847f27d1f4f679afff90aeb320b98fc06271b8fbca0eaf0710a4937da0a2e968
src/features/estimating/services/assemblyExpansion.functions.ts	RECONSTRUCTED_ADDED_LINES	db6759095223de9ac19df94df3674da167d8854e12f888709f5e549212239273
src/features/estimating/services/assemblyExpansion.server.ts	RECONSTRUCTED_ADDED_LINES	6f450a9282bb6fd8ce812e4e880b07c1a213f3ed072577432138eb0e1eee372e
src/features/estimating/services/assemblyExpansion.shared.ts	RECONSTRUCTED_ADDED_LINES	62d841d131a4f296ea24b71fec85fdb34fe66b250c72d1ce23dc35a21865064a
src/features/estimating/services/assemblyMaterialEstimate.server.ts	RECONSTRUCTED_ADDED_LINES	a7e35a6535e4701c8e63c010b0b906855deaaddcffb52805ba7412ff61cd70a8
src/features/estimating/services/assemblyQuantities.ts	RECONSTRUCTED_ADDED_LINES	530eaf3cbb1f289b4587a0f114cbe58fc9cba3ef653eec30691a49f6efe9cd14
src/features/estimating/services/ballparkSummary.ts	RECONSTRUCTED_EDITED_whitespace_unverified	e466a9479ead77d6adaf1e4df6b8c00502ba0b3162edd0d6fb0377d4917a2f70
src/features/estimating/services/costBook.functions.ts	RECONSTRUCTED_ADDED_LINES	0eeae417765312d66e122fcbe4e5ce374f9736de0692e7e65f22147befde175d
src/features/estimating/services/costBook.schemas.ts	RECONSTRUCTED_ADDED_LINES	986ec775fd2e20a9d1bbad546eae50cda9306b9c1f4edd2a809e682cf183da53
src/features/estimating/services/costBook.server.ts	RECONSTRUCTED_ADDED_LINES	60ae0743e27a4029ff04b37443ee39b864a6806f2146c255e0cdcd11b0e3b75f
src/features/estimating/services/estimateCommit.functions.ts	RECONSTRUCTED_ADDED_LINES	930416f6185ab5800ba98691438e99dee285098b632c314af871f59b74c74bf9
src/features/estimating/services/estimateCommit.schemas.ts	BYTE_VERIFIED	0c96233d41cbde074d72411c169e673aaef9f0f44d62be5f3697c5eef70d8432
src/features/estimating/services/estimateCommit.server.ts	BYTE_VERIFIED	212d061817ae28ce69d4a01f5d868768e10097a6ea186438085ef4a951fe8edf
src/features/estimating/services/estimateCopy.functions.ts	RECONSTRUCTED_ADDED_LINES	38bbe7e11f7f6b8c9be6e537304cea34230f3c888cfbd417cf6937d6999b76cf
src/features/estimating/services/estimateCopy.schemas.ts	RECONSTRUCTED_ADDED_LINES	65e4ac85899676dc1d89218f326559bc25a64e25aadc260b5b028837ac9fc60f
src/features/estimating/services/estimateCopy.server.ts	RECONSTRUCTED_ADDED_LINES	fb96e67c858b23d85001eab2c6ff946d9c9b43612b59bb89b00f567a4d895ea8
src/features/estimating/services/estimateTotals.ts	RECONSTRUCTED_ADDED_LINES	3527744bd91637f8b5947e80ef8aa7b1cf0ea64a0e6ec3435ff351fd30cabeed
src/features/estimating/services/estimating.functions.ts	BYTE_VERIFIED	23641534ef8b4dd9241312f7b3830206f9eda9dd1d7a3140086fd2abeeff42d3
src/features/estimating/services/laborView.ts	RECONSTRUCTED_EDITED_whitespace_unverified	d291ba4811acf523c587165114066e6225858a6f3b55d003d2b411d871478fa2
src/features/estimating/services/lineMeasurement.functions.ts	RECONSTRUCTED_ADDED_LINES	45baaeade04884c41f3b52a55cabcfa32eb7943b859f6a204e2ca5ec7da51eb8
src/features/estimating/services/lineMeasurement.schemas.ts	RECONSTRUCTED_ADDED_LINES	0cf2c929c19698474b8991d4deacd9570f49978b6590e869ac0e5c120cde2601
src/features/estimating/services/lineMeasurement.server.ts	RECONSTRUCTED_ADDED_LINES	ad3fcc63212d4d8536458439c3b49adaaccb34b8bfe2fec512b2465fdde3d278
src/features/estimating/services/liveMaterialPricing.server.ts	RECONSTRUCTED_ADDED_LINES	eaf4113db01a8f684f487b2fc5967c39fcf4ac6dc6d4a5913a6405ba91b9865e
src/features/estimating/services/mappers.ts	RECONSTRUCTED_EDITED_whitespace_unverified	66c9d7ace3357a12bc61e25e01e24b8230d6e32cbe17232ec94d1a27947c8285
src/features/estimating/services/materialPricing.functions.ts	RECONSTRUCTED_ADDED_LINES	7f59de9a02df5775718c2a60b72ac421d0c22cc41899ada9fe8dd22d72918ecb
src/features/estimating/services/materialPricing.schemas.ts	RECONSTRUCTED_ADDED_LINES	fc4e45c7640276f099022a124cf3881dc550a93b6b62fb979257bfce570a3852
src/features/estimating/services/materialPricing.server.ts	RECONSTRUCTED_ADDED_LINES	ee5514ee472ab5b784cc4d0e3ddaa84bd3ae6a9f7bcaacc974d098d025f2c4e7
src/features/estimating/services/measurementSchemas.ts	RECONSTRUCTED_ADDED_LINES	d4dc499044f3ae1034a9bc703c01912d8e434f67447f0aa5b375565189bda722
src/features/estimating/services/measurements.functions.ts	RECONSTRUCTED_EDITED_whitespace_unverified	f33af42974b0614dc7f1b19d540cfcefabcfa476b6851bbdd2d3e0a6510924b2
src/features/estimating/services/measurements.server.ts	RECONSTRUCTED_EDITED_whitespace_unverified	ec354f668a25415d69ea10911f1f1fd117641d7d293313b067ae091d486d8363
src/features/estimating/services/narrationEstimate.functions.ts	RECONSTRUCTED_ADDED_LINES	6ee17d30b23852ec2bc37a0865057b30ef8c927607ac02a276b9e7b61d02bf79
src/features/estimating/services/narrationEstimator.functions.ts	RECONSTRUCTED_ADDED_LINES	214cfb6b6859b71c626cf03e7e48a0220afc65ca4e026de236e991398891a19e
src/features/estimating/services/narrationEstimator.server.ts	RECONSTRUCTED_ADDED_LINES	a008f490cb3dfe4892056a4ede3baa1c936a0e852dd3b5acff08e622abb07c89
src/features/estimating/services/narrationEstimator.shared.ts	RECONSTRUCTED_ADDED_LINES	820cbf51247bf5e69150cb817649cb628d19efe68222dc20878cff879cfae381
src/features/estimating/services/permits.functions.ts	RECONSTRUCTED_ADDED_LINES	d1d1e08c25cac893d195ae6a275234bc7c68c95a97415a614ed2311af2adc845
src/features/estimating/services/permits.schemas.ts	RECONSTRUCTED_ADDED_LINES	74ea5148c525f2d7d6df902b2aa5363436e81737a65617be7d69a32b1c5df0dd
src/features/estimating/services/permits.server.ts	RECONSTRUCTED_ADDED_LINES	4d9ffb921fa8b89e7833699dd1a6087b088993ec4784448ebd4045c9fd15464c
src/features/estimating/services/pricingLocation.functions.ts	RECONSTRUCTED_ADDED_LINES	174b110ae1f4d957556fd90985c4175ef81c54a82f055c64a8f5bfa14671ce2d
src/features/estimating/services/reasoning.functions.ts	RECONSTRUCTED_ADDED_LINES	f55dda18c84b8c9fea029ef7d95c78a7a04864755b99903a19e7931197ea30e3
src/features/estimating/services/schemas.ts	RECONSTRUCTED_EDITED_whitespace_unverified	71e7d7394a54d98ebb49c4f8423f556fa5f364ea57927e6d82b66b7477e76e65
src/features/estimating/types.ts	RECONSTRUCTED_EDITED_whitespace_unverified	93a6bcc29ce46a5a8093d945b0dfb1d18fee185e2bdf6a892003667dc1657729
src/features/foundation/.gitkeep	RECONSTRUCTED_ADDED_LINES	e3b0c44298fc1c149afbf4c8996fb92427ae41e4649b934ca495991b7852b855
src/features/knowledge-base/components/AssemblyCard.tsx	RECONSTRUCTED_ADDED_LINES	5a3bfd30e7b199487dbe05f3d603a8dcf230a2eb7a7b40a5fbe1445062eb03d0
src/features/knowledge-base/components/AssemblyDetailSheet.tsx	RECONSTRUCTED_ADDED_LINES	4a0fc4c2b0e19ecd37b2803d40a40491de0e8f2d591dfee81b6e9eec2fc76ef8
src/features/knowledge-base/components/AssemblyTemplateList.tsx	RECONSTRUCTED_ADDED_LINES	bb8019d720669cee67fa3b681b80ddcbf0d63a32969c355e579ec605c1be4939
src/features/knowledge-base/components/CreateAssemblyDialog.tsx	RECONSTRUCTED_ADDED_LINES	ada30596caf4b2c01d658a21173fd5e186f82e6d3cad362af3cda14614964c47
src/features/knowledge-base/components/KnowledgeBaseBrowser.tsx	RECONSTRUCTED_ADDED_LINES	b8ab1c95720b6fdc5e907617809ea497cb0ec8488b563fa0237ee1e8798238d6
src/features/knowledge-base/components/ProjectLibraryDialog.tsx	RECONSTRUCTED_ADDED_LINES	9f6af2314ec5b0a1def165c4dbad81ed0730329e76b9f3c2e30fa51c64ba3f66
src/features/knowledge-base/components/ServiceTaskBrowser.tsx	RECONSTRUCTED_ADDED_LINES	62f7cf66a7e7f26ab8de61e4af8a9622edb8473d127507a8df2db7d0133d406b
src/features/knowledge-base/hooks/useKnowledgeBase.ts	RECONSTRUCTED_ADDED_LINES	f0c8c4ed31585b7eb0ddaf2d3de51e25be14dafe84b67685e57f20754c225ff1
src/features/knowledge-base/pages/KnowledgeBasePage.tsx	RECONSTRUCTED_EDITED_whitespace_unverified	6fd433bfc56f70acfa6c229b49133bb157b58f1efde63245a44dac7244cb1918
src/features/knowledge-base/services/knowledgeBase.functions.ts	RECONSTRUCTED_ADDED_LINES	ca4473516f57382cbdb481a5860eb60233ed1749a6c40cec3f06cd70c8595f85
src/features/knowledge-base/services/mappers.ts	RECONSTRUCTED_ADDED_LINES	2004b9b1bd25353a9e0687228f06aca106238ef063081a2a3cf4f40324e0a00e
src/features/knowledge-base/services/schemas.ts	RECONSTRUCTED_ADDED_LINES	5eec0dcb40190edd3e7e927b0bb7b371370e8eceb58b58c60c5c0510ccced6a7
src/features/knowledge-base/types.ts	RECONSTRUCTED_ADDED_LINES	726a0830b57e35f1a4d7232bc5fe16818581b2841b7b90a2f2021cf759c196c0
src/features/knowledge/pages/KnowledgeEnginePage.tsx	RECONSTRUCTED_ADDED_LINES	1dac12ea65d8fb98686a21812a3791076690ffdc8eb9b23fcbf80d6f5ec11d3a
src/features/legal/acceptance.ts	RECONSTRUCTED_ADDED_LINES	90cf8a8c772ce38ce17d5471bce803db61bfe8b328ea30affd720702311980b8
src/features/legal/pages/LegalDocumentPage.tsx	RECONSTRUCTED_ADDED_LINES	ba251d9353f267bb24f25bcb4359e61e62df94e278a79518db4c7bd40efb435c
src/features/legal/services/legal.functions.ts	RECONSTRUCTED_ADDED_LINES	dfeb7f2eed3b3f804ff1ed87baaa7e1e8b7027fcd0e881659b4d5684d58a901d
src/features/narrative-scope/__tests__/approvalCta.test.tsx	RECONSTRUCTED_EDITED_whitespace_unverified	f574089b6bc606186acbb3fd1ad6f26787a821bd3037fdc3673defa9abe194cb
src/features/narrative-scope/__tests__/narrativeScopeInterpretation.test.tsx	RECONSTRUCTED_ADDED_LINES	c157118ba273b9ac3914da721381f050612be066f8efa013af660daa26fe0d1e
src/features/narrative-scope/__tests__/narrativeScopePersistence.test.tsx	RECONSTRUCTED_ADDED_LINES	a2f4909f5ae19abcef1d2308b90c95356ce964fc1a4f2a95f1741ae80818b5d8
src/features/narrative-scope/__tests__/scopeActionSurface.test.tsx	RECONSTRUCTED_EDITED_whitespace_unverified	7ca7c9ded248c1c077a85ee91123a30fe774b6a1944d8d1a72c0c88ae5574293
src/features/narrative-scope/__tests__/scopeApprovalInvalidation.test.tsx	RECONSTRUCTED_EDITED_whitespace_unverified	9879c479b3f414050db9dc211193c015bd14a8e707b43c55aded9a3b603737aa
src/features/narrative-scope/components/DecisionHistoryDialog.tsx	RECONSTRUCTED_ADDED_LINES	f809a3cd978c4ec718e73b01f7426880ffaf5a7c43ddf1c1de3b8b936ed87e4e
src/features/narrative-scope/components/NarrativeDocumentView.tsx	RECONSTRUCTED_ADDED_LINES	813a39de43093710553ab7624f68abc1021f2d6f0688cbe62bf16d30f3b54586
src/features/narrative-scope/components/NarrativeQuestionsPanel.tsx	RECONSTRUCTED_EDITED_whitespace_unverified	298e46e5d81177f8db29113dbc31f6c0499f1a480c743d8c3db92954c014196e
src/features/narrative-scope/components/NarrativeScopeTab.tsx	RECONSTRUCTED_EDITED_whitespace_unverified	4a688be60d541e5b19d957d445766984531f64a947519c1b214ab8fa3975713c
src/features/narrative-scope/components/ProposalScopeDialog.tsx	RECONSTRUCTED_ADDED_LINES	b9609aca075901094365c899e644ea6f799175b972dd90a1cc105f7d59673551
src/features/narrative-scope/components/ReviewScopeChangesDialog.tsx	RECONSTRUCTED_ADDED_LINES	086f7a5a1a7866cc6275ea807057c00f569512410ceaecb26433ba6c501d1ebc
src/features/narrative-scope/hooks/useNarrativeInterpretation.ts	RECONSTRUCTED_ADDED_LINES	71942a0d61454d28a31efbd01ea3fe6c4c7a5ee1f81a70acb403520885b57056
src/features/narrative-scope/hooks/useNarrativeScope.ts	RECONSTRUCTED_EDITED_whitespace_unverified	143a9f8a8083fa2f085e58af53f37ba08cd50bd3f5bff557b1ff9992524e7527
src/features/narrative-scope/hooks/useNarrativeScopeStore.ts	RECONSTRUCTED_EDITED_whitespace_unverified	f60d24a5ea76b344a5f56eb14b9be19567c193d6fa7a437a6fbb7323d264aaf0
src/features/narrative-scope/pages/ProposalScopePage.tsx	RECONSTRUCTED_EDITED_whitespace_unverified	582816fb2f53fd57c96061485713103bfabd8c026aedbe825dd25febdb754a53
src/features/narrative-scope/services/narrativeScope.functions.ts	RECONSTRUCTED_ADDED_LINES	08cd942ad9db5f96b047fdd9a10730169cf6f25d2bbdd448ce8c3145dc8dc64e
src/features/narrative-scope/services/narrativeScope.server.ts	RECONSTRUCTED_ADDED_LINES	bb3e92e60e4b0415c18f0838d37b0cc1f5e563536c83c9d2cc71481c180898d8
src/features/narrative-scope/services/narrativeScope.shared.ts	RECONSTRUCTED_ADDED_LINES	26b77ef71d5e60b79f1b7f76e1b388c84728d54e25e3bf431582ef25e0935bf3
src/features/project-workspace/components/DocumentUploadDialog.tsx	RECONSTRUCTED_ADDED_LINES	5b12db4f9f279080dac8804d43e323400f2d58ca9ca5170d4627caf86721694c
src/features/project-workspace/components/NoteFormDialog.tsx	RECONSTRUCTED_ADDED_LINES	53ecfda30cf1b5644940045a86992571147525894244f8a217f4c4eb15b008fc
src/features/project-workspace/components/PhotoUploadDialog.tsx	RECONSTRUCTED_EDITED_whitespace_unverified	605fa0503ebb78025a9e86cc8e97f48610766ab96a41b958ff0e408d1a6dcdb0
src/features/project-workspace/components/ProjectActivityFeed.tsx	RECONSTRUCTED_ADDED_LINES	60bb48f6183031e98e317bfc80b6e0df5b74cc8d247f1b6f01b547c6032a91e7
src/features/project-workspace/components/ProjectDocumentsTab.tsx	RECONSTRUCTED_ADDED_LINES	3ab218385d5235ddce4f3911768072f02a59a845e94c02f20651b2fdc4e068a0
src/features/project-workspace/components/ProjectNotesSection.tsx	RECONSTRUCTED_ADDED_LINES	916448922df2693f627a370384b6a61ddbfd5b50c3f2752b92d0f30e18cc3b29
src/features/project-workspace/components/ProjectPhotosTab.tsx	RECONSTRUCTED_EDITED_whitespace_unverified	be78f5507192ec0afede251c3517b8c2eebe5d7460d8c618566e9e2bd40ea0cd
src/features/project-workspace/components/ProjectRoomsTab.tsx	RECONSTRUCTED_ADDED_LINES	82cfff0b04acc19d90b281af8bfd06225fc421637869efa90b532a376b54028a
src/features/project-workspace/components/RoomFormDialog.tsx	RECONSTRUCTED_ADDED_LINES	b7a6f164bea12a6be851c55d3b8a96b7d61a5484d5187b8f9bed11439795767e
src/features/project-workspace/components/SignedImage.tsx	RECONSTRUCTED_ADDED_LINES	170be941a38a99b82b7627d037bb25496445fa7bbc8fa068982a43bacfecbc93
src/features/project-workspace/hooks/useProjectWorkspace.ts	RECONSTRUCTED_EDITED_whitespace_unverified	2e5c1b0bfd542c160a56750f44a5c503e90c4d770b0e50f9518242401bde5069
src/features/project-workspace/pages/RoomDetailPage.tsx	RECONSTRUCTED_EDITED_whitespace_unverified	6bf84ace0c90070276b3e44a7e2cb383e2f3cacede68cbf28462dce18c6b81ca
src/features/project-workspace/services/mappers.ts	RECONSTRUCTED_ADDED_LINES	331506dfd4b7d7efd247e7cb07241b0eda4be34cea9f9cdd22ef3ca26d6051f3
src/features/project-workspace/services/project-workspace.functions.ts	RECONSTRUCTED_EDITED_whitespace_unverified	324e71cb666ceb459761128d2b342e901b53b08137286a789fa26ad08dff7087
src/features/project-workspace/services/schemas.ts	RECONSTRUCTED_EDITED_whitespace_unverified	defab0fcc75b1e3aa55586b233739342320f644a8757df1f55aef3fe49d209ea
src/features/project-workspace/types.ts	RECONSTRUCTED_EDITED_whitespace_unverified	a516726c6568d0a1b55b36c2a896636cbf89cdd7ff8251c1542344a97eac97d7
src/features/proposal/components/ProposalAcceptance.tsx	RECONSTRUCTED_EDITED_whitespace_unverified	b18867c83481d3b78f2a006311712332acde40281405c964bbf5282b31daa76b
src/features/proposal/components/ProposalAsIllustrated.tsx	RECONSTRUCTED_ADDED_LINES	ae457e4747981e8e0f7ffbf0497b854fee65dbff114524648c1fd2a84a31b5f4
src/features/proposal/components/ProposalAssetProvider.tsx	RECONSTRUCTED_ADDED_LINES	aa7bf73366d6d88393c73c33a5215c1ffc475e6208429222b895f486eebe835d
src/features/proposal/components/ProposalClientActivity.tsx	RECONSTRUCTED_ADDED_LINES	ad6d87830e9fa062b7952e4aa33f581cb3ad935fa2db6f30c68bb6e98714c2c7
src/features/proposal/components/ProposalCover.tsx	RECONSTRUCTED_EDITED_whitespace_unverified	827596c974e979b1d3a2e7bed2f953ee162069775a3735dfe239379385e21645
src/features/proposal/components/ProposalDocumentView.tsx	RECONSTRUCTED_EDITED_whitespace_unverified	15df704b8b17aafa2fd7a142d1ace84eb8515c7617e911aa2e2d6d9ae35bf225
src/features/proposal/components/ProposalGallery.tsx	RECONSTRUCTED_EDITED_whitespace_unverified	082109a828b625938d82cccbd08ad8776ed24691f9685dc39d5a077a6dc78ce2
src/features/proposal/components/ProposalInvestment.tsx	RECONSTRUCTED_EDITED_whitespace_unverified	1dda48a1dfb471ec2bd92c017611531b391e6472b3c01bd8089d9b26a5415a69
src/features/proposal/components/ProposalPricingNotices.tsx	RECONSTRUCTED_ADDED_LINES	56c9d6ea823c35e54918955c1f2e23288e1befcf7b58bd6cb9ca3b8bbd32f101
src/features/proposal/components/ProposalSchedule.tsx	RECONSTRUCTED_ADDED_LINES	3de58c702f7e0d0245458a35eedacb850b0dff9a6a701333cbd91fb98976e706
src/features/proposal/components/ProposalScopeList.tsx	RECONSTRUCTED_EDITED_whitespace_unverified	eaaa699c6c9c7929826f01311a1a00ebdac732a9bea5f6e0fbddc85a64210ee3
src/features/proposal/components/ProposalSectionShell.tsx	RECONSTRUCTED_ADDED_LINES	e8f0b6825fbc8868602e939b8cb2d5de5fcd4ffac179686d8b83d0e1c0d3f08f
src/features/proposal/components/ProposalSendDialog.tsx	RECONSTRUCTED_ADDED_LINES	19d1dfe3edd7c3e6cfa38e2835aa4871fe9ca8870465b9ddd326bb986da451e0
src/features/proposal/components/ProposalSettingsSheet.tsx	RECONSTRUCTED_EDITED_whitespace_unverified	bfaadbae83c7fb9d839c87ff0efaad7e153f2c79bd290bbc210a9639ffdbed50
src/features/proposal/components/ProposalTemplateView.tsx	RECONSTRUCTED_EDITED_whitespace_unverified	074547eb7ee4c2343118306092d6c368f66dc0e0943608cdd45f499d575d4b31
src/features/proposal/components/ProposalTerms.tsx	RECONSTRUCTED_ADDED_LINES	34b3e68f40bce25f74f7fbbf5400695be250ffee92f7dc61142ada44b05060dd
src/features/proposal/components/ProposalToolbar.tsx	RECONSTRUCTED_EDITED_whitespace_unverified	61b948229d47052831a17f7672890f522037203ebefed903c880d5e69e6fa289
src/features/proposal/components/ProposalUpgrades.tsx	RECONSTRUCTED_ADDED_LINES	9af23e64acd54af9ad9491377881f5bbb81372b9edd42ddf9a87ba88a77d3541
src/features/proposal/hooks/useProposal.ts	RECONSTRUCTED_EDITED_whitespace_unverified	ac4b4846b7151caed2eba62a9c1b5e3713a13098c6ab09bd701f15c4af1d7e18
src/features/proposal/hooks/useProposalSettingsStore.ts	RECONSTRUCTED_EDITED_whitespace_unverified	d1714dd85b48bf082781157b90b4f416bf4967607e503415f8dcb00daea65a69
src/features/proposal/hooks/useProposalSharing.ts	RECONSTRUCTED_ADDED_LINES	529753faa3209485b32c43fcbea3b91ba0220f546280778355d8b25371e720ea
src/features/proposal/pages/ProposalPage.tsx	RECONSTRUCTED_EDITED_whitespace_unverified	c74d74241df1893adfe1a5ea9b48316a6c00e7b9b25965c4bb41c7e902497f3c
src/features/proposal/pages/ProposalPrintPage.tsx	RECONSTRUCTED_ADDED_LINES	98a4a142f5d0861a66f15ee31266a59785533ad3ec13e461f707f7380c967a7e
src/features/proposal/services/__tests__/resolveActivePricingSource.test.ts	RECONSTRUCTED_EDITED_whitespace_unverified	4cea1ac3eee8990e712218bb964a8289544e7565d17b3a81ed9c50676a4f36f0
src/features/proposal/services/proposalShare.functions.ts	RECONSTRUCTED_ADDED_LINES	e695930fbbbbb037370f92d0c777ff6bb4949c07f2c7764d1dff7bfaeefe5984
src/features/proposal/services/resolveActivePricingSource.ts	RECONSTRUCTED_ADDED_LINES	2dd49d1c1852ee800b25ae542ba47fac68b465044094d4c0dbd57f82adecbf2f
src/features/qa/pages/TradeCoveragePage.tsx	RECONSTRUCTED_ADDED_LINES	a462b5fdc072f1910289b28977d0bc2c40791d56b5ac5cb69a75445797bac235
src/features/remote-vision/components/AssumptionsPanel.tsx	RECONSTRUCTED_EDITED_whitespace_unverified	756540b37dd4fe3b899d08b1ae4f3ac936ed3a114553fbb2d2d0eebe28bedbca
src/features/remote-vision/components/DescribePanel.tsx	RECONSTRUCTED_EDITED_whitespace_unverified	608f64c2738f3cda4d71010520b207dfb59c49020d582eb5ebb02e6aef1a27ec
src/features/remote-vision/components/DetectedFeaturesPanel.tsx	RECONSTRUCTED_ADDED_LINES	72453e7d4c17121379f3bcb807fb7039e4d2f506a7c2cd0f8544f39ec23b57c8
src/features/remote-vision/components/GroundedScopePanel.tsx	RECONSTRUCTED_ADDED_LINES	54d744801c6a123a6e20c688590edb99d6a73feae388c47a697e851ffd9e8517
src/features/remote-vision/components/InputLedgerPanel.tsx	RECONSTRUCTED_ADDED_LINES	36d9956a9ea0542cb90c61fd05eec18a1b3f6c0be8df16c14c960a6d7fdc24dc
src/features/remote-vision/components/MeasurementsPanel.tsx	RECONSTRUCTED_ADDED_LINES	9de33b5da46dbb8a0e860c122a0e6bcd56300fa936fa9fac94feb491c7e3f86d
src/features/remote-vision/components/MediaUploadPanel.tsx	RECONSTRUCTED_EDITED_whitespace_unverified	9c17c55a229df62a548569748e615bc8e068866a431df58cf8c37912a4f240bd
src/features/remote-vision/components/NeedsReviewPanel.tsx	RECONSTRUCTED_ADDED_LINES	842f98155941241408d629dc38e2cc56b46199d6e3ae432c15e919981c4041e4
src/features/remote-vision/components/PhotoObjectsPanel.tsx	RECONSTRUCTED_ADDED_LINES	87a3961bc345ba4f69cac686722da1ed8ffd1c9a5f281df927bff2e0f6aee83c
src/features/remote-vision/components/ProjectDetailsPanel.tsx	RECONSTRUCTED_EDITED_whitespace_unverified	8ac32050a2d10f874fe4edd759123709576f2f42f1c442d03f6c0dffa9e70e11
src/features/remote-vision/components/RemoteQuestionsPanel.tsx	RECONSTRUCTED_EDITED_whitespace_unverified	e2569198bbcf8a4a258088c50a0ffe75aa3e7a5eefd5fee53391a74b80a4afea
src/features/remote-vision/components/ScenarioCards.tsx	RECONSTRUCTED_EDITED_whitespace_unverified	e1a4a624ca7bd8341017ab61a70e780334139f4b3959b4b9d8f2f13ee25a15b0
src/features/remote-vision/components/StartRemoteVisionButton.tsx	RECONSTRUCTED_ADDED_LINES	8674b5c38e0cd80e44e7574012ecd72a30d4cc3aa83a3007bad23cf24d7ba259
src/features/remote-vision/components/TechnicalDetailsDisclosure.tsx	RECONSTRUCTED_ADDED_LINES	9038982524d19d19ec20974f7668e91aaff8eca024d1616008871a52a0fb91ec
src/features/remote-vision/components/UnderstandingPanel.tsx	RECONSTRUCTED_ADDED_LINES	d2beaaafadd1f398a1a6bc249d046dcbf48a8f5e07ec9dbe46ff78b96aa8cb94
src/features/remote-vision/components/VideoUploadPanel.tsx	RECONSTRUCTED_ADDED_LINES	87cf3acd8f0f16d87e316cf3ae0f7e6ad837ee2a2b82ecd6a3372a4e993440a2
src/features/remote-vision/hooks/useEstimatorReading.ts	RECONSTRUCTED_ADDED_LINES	750448a912a2f881b5e7b686e0946f161fd7fd0345ee3ab7a27dac4d27a5826f
src/features/remote-vision/hooks/useMeasurementCapture.ts	RECONSTRUCTED_ADDED_LINES	6ad7032cc38a54f7a8ab408abb8c7f70cec888aaa4ff7fd5d83ee75e49bc2c36
src/features/remote-vision/hooks/useProjectMediaUnderstanding.ts	RECONSTRUCTED_ADDED_LINES	ea8adb7880c2b0341c6014697f21da5c2a3e41cbab041053560fa9e4b4e73c30
src/features/remote-vision/hooks/useProjectUnderstanding.ts	RECONSTRUCTED_ADDED_LINES	6a69cf86acca29688d19c489e525f52ee76f0bd87ce03197054da8b9e753118f
src/features/remote-vision/hooks/useRemoteVision.ts	RECONSTRUCTED_EDITED_whitespace_unverified	de30028958a773433def1ae28e49fd691769b38ec178cf01e3a8bfd0bb7b8bc5
src/features/remote-vision/hooks/useRemoteVisionCommit.ts	RECONSTRUCTED_EDITED_whitespace_unverified	36cb05520718eb1d812e409f3991dd43332934af857e3d7bdbf2754e80723f60
src/features/remote-vision/hooks/useRemoteVisionMedia.ts	RECONSTRUCTED_ADDED_LINES	631831e969eab3c70de6c54f8ad80a443a381eb8831d2d426670cb496f708aad
src/features/remote-vision/hooks/useRemoteVisionSessionStore.ts	RECONSTRUCTED_EDITED_whitespace_unverified	580c68b4bc7f529cb7de120a36cf56fd0029cef4a7f28a1c1b0b1c185eabc39b
src/features/remote-vision/hooks/useRemoteVisionVideoUpload.ts	RECONSTRUCTED_ADDED_LINES	96ed4230eb4f78c99422aecc5dd4d33d814805a45225ca56cd57aee876d01abc
src/features/remote-vision/pages/RemoteVisionPage.tsx	RECONSTRUCTED_EDITED_whitespace_unverified	ba5848301b41ac70b50719b2d70e141a8af788814d3f9ed825a423bb853dd456
src/features/remote-vision/services/__tests__/mediaUnderstanding.test.ts	RECONSTRUCTED_ADDED_LINES	e35fcb9239ceb258d08e5ecbb0b5fa897a2416e0f75bf44ea5c69c22764dea13
src/features/remote-vision/services/analysisScheduler.ts	RECONSTRUCTED_ADDED_LINES	34396453d7f7da6a5c5b51c27c609d4e76f80edc145129f67cdb93d8f9d801b1
src/features/remote-vision/services/ensureMediaAnalysis.server.ts	RECONSTRUCTED_ADDED_LINES	0ae47e168ab25261d6ee6843ec094d5670e513e063e1c75f4f7e5418e005eca8
src/features/remote-vision/services/ensureMediaAnalysis.shared.ts	RECONSTRUCTED_ADDED_LINES	8e2813ccd18936bb45968debdca81873d139fac2950ef756c067ef9dd5792087
src/features/remote-vision/services/measurementCapture.functions.ts	RECONSTRUCTED_ADDED_LINES	62dcd6e91f96dc8e2c9724269adf08a0f0e35280304bccd76cbd7a0105a0103d
src/features/remote-vision/services/measurementCapture.server.ts	RECONSTRUCTED_ADDED_LINES	cbd2a5658026aaa627a61f0bc6c2c9238f296a449cf4d502a0eb067cf473addc
src/features/remote-vision/services/measurementCaptureSchemas.ts	RECONSTRUCTED_ADDED_LINES	cf85d5c5e8e46b4422b9e9a7e71ae946e09fe177d7cc5e5d114aa80e09cb75d5
src/features/remote-vision/services/mediaPersistence.ts	RECONSTRUCTED_ADDED_LINES	86bec88a7285cb001eb287dacc66c840ff423217e2e4a83803b36567aaa08247
src/features/remote-vision/services/mediaUnderstanding.functions.ts	RECONSTRUCTED_ADDED_LINES	24825bad8d934761c0b44cc15616fecb98248cad022225cafbde80599b1a441b
src/features/remote-vision/services/mediaUnderstanding.server.ts	RECONSTRUCTED_ADDED_LINES	beae55a1045ccbcd0a1b347bb363425f29598b6ff7bc58e4682a5656a036f34e
src/features/remote-vision/services/mediaUnderstanding.shared.ts	RECONSTRUCTED_ADDED_LINES	f385ff2b039f7b97a4784b0518678be15c3fdcb772bb55cdc3176e825c4f6261
src/features/remote-vision/services/videoKeyframes.ts	RECONSTRUCTED_ADDED_LINES	d75f2f66f16a69b1863cc0afa1f63bf87875a63b4a4a3da47d14c8e0eddf9baf
src/features/remote-vision/services/visionImageSource.server.ts	RECONSTRUCTED_ADDED_LINES	c2b292882e7d45463450bf72eacb438539a4a8d77337ac3fe00aa90d79608f91
src/features/remote-vision/services/visionRequest.server.ts	RECONSTRUCTED_ADDED_LINES	1a505f50fa744d811ecfccc274ac80048ab052c5df2f19f1a1bf83ad2d005e70
src/features/remote-vision/services/visionUnderstanding.functions.ts	RECONSTRUCTED_ADDED_LINES	86fe79c1b25fa785cf6912f37b4fcafdd75bf94cdb08b96857c8901257fd233d
src/features/remote-vision/services/visionUnderstanding.server.ts	RECONSTRUCTED_ADDED_LINES	c492275cde4efa2d2049c0080e7e6b0642e7dadff7bb4e518e05e48185840a3f
src/features/scope/__tests__/scopeEmptyState.test.tsx	RECONSTRUCTED_ADDED_LINES	079e3823945121c5eb94ee59005aab1e008e4647fd2fbe0b11338f5545bc1eff
src/features/scope/catalog.ts	RECONSTRUCTED_EDITED_whitespace_unverified	a8d1d7c2d7fec713fa256373d161059d771e22aaf1231f6acf3eb6e99739549a
src/features/scope/components/MoveItemDialog.tsx	RECONSTRUCTED_ADDED_LINES	5e698574334ea8c414fb1f39baf934c09dba08458bc9cd4f5f3094b6d895d0e2
src/features/scope/components/RoomScopeSection.tsx	RECONSTRUCTED_ADDED_LINES	a366b654c78254beabede742a187ae6944eb39847245b638e0e16ab04a4d9905
src/features/scope/components/ScopeItemEditor.tsx	RECONSTRUCTED_ADDED_LINES	4da7c41ab2085106b24caf3ea5231e9540928da354bc3445ba6c18c6172cfbef
src/features/scope/components/ScopeItemRow.tsx	RECONSTRUCTED_ADDED_LINES	a89690fe330979cc602dfb934f5a24ab87baa4b0df57a1b617c9b181312a5a10
src/features/scope/components/ScopeSectionCard.tsx	RECONSTRUCTED_ADDED_LINES	90a4cae602c45d90f90dd1dc2ab5cf9b910669a496fe1a9afba29477c0c50202
src/features/scope/components/ScopeTab.tsx	RECONSTRUCTED_EDITED_whitespace_unverified	6c5df1721e9f666eb5e13bf3182c8e597798c02758c282a3f5b73e178fb00362
src/features/scope/components/ScopeValidationPanel.tsx	RECONSTRUCTED_EDITED_whitespace_unverified	bd72657056664eb1517fc17cb511fc9298851ec7357519925d78c873665f9241
src/features/scope/components/SectionDialog.tsx	RECONSTRUCTED_ADDED_LINES	14f9630b502a5983b2c00df0ef35f8d4bac1b8370e73a32ac75ac414ab9f8e97
src/features/scope/components/TemplatesDialog.tsx	RECONSTRUCTED_EDITED_whitespace_unverified	44d7365fc0a1b9423d7c342b0f141091fba630f43f30fe8e6fa542a746b5991a
src/features/scope/hooks/useScope.ts	RECONSTRUCTED_EDITED_whitespace_unverified	e2460413e013955566d87d10876ad70667b716d6c64410fc6681a2ce4fe4fc66
src/features/scope/hooks/useScopeValidation.ts	RECONSTRUCTED_EDITED_whitespace_unverified	8ac2b208e771d1f736f5d05583837f48fbddb3d94dd22bdc731ba98a48768969
src/features/scope/services/mappers.ts	RECONSTRUCTED_EDITED_whitespace_unverified	ee957015b90463eb9d29ac66020fe86437704a70b888593fedacb87f9600385a
src/features/scope/services/schemas.ts	RECONSTRUCTED_EDITED_whitespace_unverified	d9ff3139693f83d9153010883d41ee4265399775f55c2f0152fba8fcdca99994
src/features/scope/services/scope.functions.ts	RECONSTRUCTED_EDITED_whitespace_unverified	87039fddc6d1993d4a5551feb38a62c8572f822f8dc6228c3186a36d2403989e
src/features/scope/services/scopeValidation.functions.ts	RECONSTRUCTED_ADDED_LINES	ae0a1a13ab980f3907df1397998b2adae056ee5814e328a35de24eee72417ba3
src/features/scope/types.ts	RECONSTRUCTED_EDITED_whitespace_unverified	e6bde736706940ecea08ee800c28b2c45228be732b8c5c1f652157e1bf8434e8
src/features/settings/components/AccessibilityDisplaySettings.tsx	RECONSTRUCTED_ADDED_LINES	b36f8c7532489439139ea96a78f27d0f07939469e461d5c4a0c9dc16378bf1ee
src/features/settings/display/DisplayPreferencesProvider.tsx	RECONSTRUCTED_ADDED_LINES	e65d2fc2c6c00ab06ade2e2f9612d015102b811de422ed9f0435c4ad58853bfb
src/features/settings/display/preferences.test.ts	RECONSTRUCTED_ADDED_LINES	0002cd70cccd198dae6d0340142be87849860c1cc1b31c9364d9cc75f0cd8e9f
src/features/settings/display/preferences.ts	RECONSTRUCTED_ADDED_LINES	71e71251f41278f9eabfb6eb9a6803daea495088e67cd03730e749ca1928f616
src/features/settings/pages/SettingsPage.tsx	RECONSTRUCTED_ADDED_LINES	606eaba068c76ba74c042017ccb74858a134922b28234933d31dbf0fe047466d
src/features/support/pages/SupportPage.tsx	RECONSTRUCTED_ADDED_LINES	be328d8b01cd4a7570df9fb87d8afcd3039949ea5231cca039be966de9d16ee6
src/features/support/services/support.functions.ts	RECONSTRUCTED_ADDED_LINES	2f0efb9c4b25b9429c8ec0fdd1081a02418680daa0f78c8d657bf1c506e4c273
src/features/terminology/hooks/useTerminologyCorrections.ts	RECONSTRUCTED_ADDED_LINES	d330d76973971bc08327d72b986f49092fadc9bf15d6d58802358037489315e4
src/features/terminology/pages/TerminologyMemoryPage.tsx	RECONSTRUCTED_ADDED_LINES	14ed6198256bdb8a53a55c698f49a7e0ed4c2cb9240b99e4220c83ec2bf5d72f
src/features/terminology/services/terminology.functions.ts	RECONSTRUCTED_ADDED_LINES	90445f087f2bdbbe8d5d177adae41919e1a439a6ad9b5e4aec693749853c4172
src/features/terminology/services/terminologyMemory.server.ts	RECONSTRUCTED_ADDED_LINES	dfc41bbc8e8c115671581f98a98397327a38564aeaeb8a33ff1e558d6d74d769
src/features/voice-capture/__tests__/voiceSaveState.test.ts	RECONSTRUCTED_EDITED_whitespace_unverified	874a4d5529f75450bbf3fec1e1d92193a9900197c56220129bf18fbcdf46b8ad
src/features/voice-capture/components/DictationControl.tsx	RECONSTRUCTED_ADDED_LINES	d4c3237657370502a27c82242547ba118a439efc7db59c316346ea2c377aefff
src/features/voice-capture/components/DraftItemCard.tsx	RECONSTRUCTED_EDITED_whitespace_unverified	60946feaefc7a57e09afaad52a79332e70ae584de444d2d7e6829fa1f594e4d4
src/features/voice-capture/components/DraftReviewList.tsx	RECONSTRUCTED_EDITED_whitespace_unverified	f659ddcdf738fa85ec8db4db45685344693b9c7fa500c92c12b7f184317700bc
src/features/voice-capture/components/LiveTranscript.tsx	RECONSTRUCTED_ADDED_LINES	707f3dc25f5a1354fc57a14ae7dad3ea4fe241ff8f7383659f9498d1951ccb02
src/features/voice-capture/components/RecordingControls.tsx	RECONSTRUCTED_EDITED_whitespace_unverified	9ace3c114f0ccaafc515f0fcfb2dfa9139d64404b5bb62a20b744c4bf9e5b8e1
src/features/voice-capture/hooks/useDictation.ts	RECONSTRUCTED_ADDED_LINES	84c7462fcf4fb45bfd4b1a3de782f5f95b3fda31bf767a6bfbcd9f03b9568126
src/features/voice-capture/hooks/useProjectDescriptionNote.ts	RECONSTRUCTED_EDITED_whitespace_unverified	34337e5099f98c426ab0afa6971261c763600ba082c656178cfcd1aef56dd435
src/features/voice-capture/hooks/useSpeechCapture.ts	RECONSTRUCTED_ADDED_LINES	63dded606a0c8d06632019ab264ded354490babc80762f9174cee6a7b9fe4e47
src/features/voice-capture/hooks/useVoiceCapture.ts	RECONSTRUCTED_EDITED_whitespace_unverified	1bce9958f72f67f4fc18cc2ac24476de1079ec795891bb49d530ba2f9b162087
src/features/voice-capture/hooks/useVoiceSessionStore.ts	RECONSTRUCTED_ADDED_LINES	9e882db16556c8a27a75c33c6efc2f97dd8ffc81104ee23495bd358de19d1354
src/features/voice-capture/pages/VoiceCapturePage.tsx	RECONSTRUCTED_EDITED_whitespace_unverified	f71225ab4939c66c339bfadf54e567dc8bceb6d37a84fb155b15797044cbd58d
src/features/walkthrough/analytics.ts	RECONSTRUCTED_ADDED_LINES	112accd0987ad3792ffc9e55298a1a2a9c2468b13853311b1392e9fbca68cef4
src/features/walkthrough/components/CaptureStep.tsx	RECONSTRUCTED_EDITED_whitespace_unverified	a15afd0ce93dc284b89452121dbe58f09923bcbf4d53a25b0cbbca0b2a062544
src/features/walkthrough/components/IntakeStep.tsx	RECONSTRUCTED_ADDED_LINES	a3280a44b440b2883f47e1e106d6e676ee18fded43930b11a93dfdcfbd0f67f6
src/features/walkthrough/components/ProjectStep.tsx	RECONSTRUCTED_ADDED_LINES	d0dcec896ed18590228c30c3aac7963668a2754a52689b9f6ee67a32cb7a63de
src/features/walkthrough/components/QuestionStep.tsx	RECONSTRUCTED_ADDED_LINES	5979ba6dfb6c46d7ec99e2a1679871953e1466c69c5e062b452136eb6127fbfd
src/features/walkthrough/components/ReviewStep.tsx	RECONSTRUCTED_ADDED_LINES	d49ab85d164f0759b445ebf44213b770e7a37ceeec2dda9b0b7fa2e7a94fbc86
src/features/walkthrough/components/RoomStep.tsx	RECONSTRUCTED_ADDED_LINES	73c38a1b5c515fa39d38ea4a425b6d50a47152ec11899c357ad006eca52ad3cf
src/features/walkthrough/components/StartWalkthroughButton.tsx	RECONSTRUCTED_ADDED_LINES	3ca6f00a64918b2c72763a344ea36d0d08cd09ca983f571cae7adac9858631ad
src/features/walkthrough/components/StepProgress.tsx	RECONSTRUCTED_ADDED_LINES	ed01b72a91685050767fbcb6c55258ea2b6e7802bd95f230b052d2a7c372b10b
src/features/walkthrough/components/SummaryStep.tsx	RECONSTRUCTED_EDITED_whitespace_unverified	74db252498a1ece98d44d965d7e5610c7a6bf0083a79c125dfd090e39351f662
src/features/walkthrough/components/WalkthroughModeChooser.tsx	RECONSTRUCTED_ADDED_LINES	ef9fb35db56b74117d1db46b0b323f684ba93e6fc6a6229f8498ef5088ddafb6
src/features/walkthrough/hooks/useWalkthrough.ts	RECONSTRUCTED_EDITED_whitespace_unverified	6930c62ddc45e788c287561d4caaa2aa5401c84ec04e1497b9a26107ebac564b
src/features/walkthrough/hooks/useWalkthroughSession.ts	RECONSTRUCTED_EDITED_whitespace_unverified	6a1c3e9ff52657b32811b13a0bb1cfc077a00777cd6aefdfd206db4c73d618c0
src/features/walkthrough/pages/WalkthroughPage.tsx	RECONSTRUCTED_EDITED_whitespace_unverified	7cae126b585e30eb86077bac8e53cf93c7ccdea3d4993dedef9fb3d70a0026cc
src/features/workspace/__tests__/orgActivity.test.ts	RECONSTRUCTED_ADDED_LINES	e0f66ffc950d0d50469a397ae7223b520cc26c96624a809908e720f1750d4437
src/features/workspace/components/AppLayout.tsx	RECONSTRUCTED_EDITED_whitespace_unverified	405c7543f5b2823cdba7b7849df7e896c5bdd2598d8b2231ea12e59ed7c3faac
src/features/workspace/components/AppSidebar.tsx	RECONSTRUCTED_EDITED_whitespace_unverified	20f1136be847f8dc96a4e65e57380d24cd05987061e94e6931e8d67a5f492b0a
src/features/workspace/components/AppTopBar.tsx	BYTE_VERIFIED	85cf2b4f902eb7f40351d27cba1035f2606b2599b938aa009536f41cdc15b9f7
src/features/workspace/components/BusinessProfileCard.tsx	RECONSTRUCTED_ADDED_LINES	9a33130e997323480ca757aa08b24ca143c1d9faf37f820506e4eb26646062ce
src/features/workspace/components/CompanyLogoCard.tsx	RECONSTRUCTED_ADDED_LINES	f8043f45bbcd213fc5b750691c533ec017b7884a978a40bee2cddd514e4c53b2
src/features/workspace/components/CreateEstimateWizard.test.tsx	RECONSTRUCTED_EDITED_whitespace_unverified	3a0e96aadfb449df37e3d34957163a121b7343c2b3b9b5dc3cc11e19c3fab283
src/features/workspace/components/CreateEstimateWizard.tsx	RECONSTRUCTED_ADDED_LINES	b01ee6d6153038966727ab3abc938bd99069fae19fcb3efe902c711deda5cca9
src/features/workspace/components/MaterialPricingProvidersCard.tsx	RECONSTRUCTED_ADDED_LINES	69ee8c7456957b2427db653f143d7c95d33540c9f0448e6d3edfcc2153cbf313
src/features/workspace/components/MobileBottomNav.tsx	RECONSTRUCTED_EDITED_whitespace_unverified	3b0172c20f3235b362701779ea3a906f18218a067c29dd79cff71043e8f16dd9
src/features/workspace/components/NotificationsPanel.tsx	RECONSTRUCTED_ADDED_LINES	6ad46940d4a2a4bc6e9c3b39fbbc4152f49d23afc2fa044a91d91ace4cace305
src/features/workspace/components/OrgActivityFeed.tsx	RECONSTRUCTED_ADDED_LINES	bbb6d564b03b975a3ae48d1fbbaed1211f0cd7abf7a2e10ca0c64039f33e5a81
src/features/workspace/components/PricingStrategyCard.tsx	BYTE_VERIFIED	bd8691491afa373bea1a5e3100c78a2a3614e1e106a4d9c2b9ceb264b5bb448e
src/features/workspace/components/UserMenu.tsx	RECONSTRUCTED_EDITED_whitespace_unverified	287c47f77291d86d0663e879e16550e023cc61d1680ea85947285ae4153414b7
src/features/workspace/components/WorkspaceStateNotice.tsx	RECONSTRUCTED_ADDED_LINES	4903cc1616bf2bea7634a326024030ae4da39e77de1fb9a67f22a4cfe28ae522
src/features/workspace/components/WorkspaceStatusScreen.tsx	RECONSTRUCTED_ADDED_LINES	aaa3be8be980b655ffc40cbea942a15dec5bddc06fd2095b8b1e5013b404d10f
src/features/workspace/hooks/useCompanyLogo.ts	RECONSTRUCTED_ADDED_LINES	989a7416e487f2622c659e20b02dcd3e4a47be4c8ae4e5259d12fddbf1a9c25f
src/features/workspace/hooks/useWorkspaceResolution.ts	RECONSTRUCTED_ADDED_LINES	e6df36d11e4812800a4cba89623d89390d4bda3fa4be24599efd621894efa931
src/features/workspace/pages/ComingSoonPage.tsx	RECONSTRUCTED_ADDED_LINES	717f29eb4dd55b585ab8d0b678fdf2566bd64f22b1340c3edc0a63805cc36377
src/features/workspace/pages/DashboardPage.tsx	RECONSTRUCTED_EDITED_whitespace_unverified	93b44ae6c8744da7efc144820980534ce39ec7f8c1e19f87a850bd1cb7d8667b
src/features/workspace/pages/OrganizationPage.tsx	RECONSTRUCTED_EDITED_whitespace_unverified	63790e62240582ceaa7546a9f11d87065229e932442d646efa17a2ea49488d19
src/features/workspace/pages/ProfilePage.tsx	RECONSTRUCTED_EDITED_whitespace_unverified	fdd2f5fcb1dd037139998af06354dc46e8e1ed8a7869ab3457227e391170ddcc
src/features/workspace/pages/WorkspaceIdentity.test.tsx	RECONSTRUCTED_EDITED_whitespace_unverified	7130aeb482319259b36f7e674fea8b1afb5d278359500b46e36a9573b9be9319
src/features/workspace/providers/WorkspaceProvider.tsx	RECONSTRUCTED_EDITED_whitespace_unverified	4bc71f937dcf5fa9839577fcece305a50650d6b494660326d4113f008f05bb8a
src/features/workspace/services/branding.functions.ts	RECONSTRUCTED_ADDED_LINES	5b5573f026d6cf4765d8e2dc4ffdddd0c17318623ecbb832424661aef4bf8794
src/features/workspace/services/branding.shared.ts	RECONSTRUCTED_ADDED_LINES	1b3023499fa726b049bb10eb779dcbeb28f866781615e9614fc3bbc2ed1a2742
src/features/workspace/services/business-profile.functions.ts	RECONSTRUCTED_ADDED_LINES	0f91e337aa4022120cf04489a47b8b4baa2b83a8e0b334f6831fbde10d658c90
src/features/workspace/services/orgActivity.ts	RECONSTRUCTED_ADDED_LINES	f6a1da60a8223bb234bed29548fae88608f997b2cd56ca76150fd949e6a127cb
src/features/workspace/services/organization.functions.ts	RECONSTRUCTED_EDITED_whitespace_unverified	c67b38b440b9cf98bf68ccab120a59dbf42b527e99a95f3b55601c577b2c72c5
src/features/workspace/services/organization.server.ts	RECONSTRUCTED_EDITED_whitespace_unverified	b15e76131de23f716a5ed30c5d507eaa213da910d0454a272e1cbd4bd76dcb5d
src/features/workspace/services/organization.shared.ts	RECONSTRUCTED_EDITED_whitespace_unverified	d466209c80c01ff71212b63c42170fb830eace6162bd142674b05f06c6dbacdd
src/features/workspace/services/profile.functions.ts	RECONSTRUCTED_ADDED_LINES	185f2e5642f9afc8bffedfd24f6b46c862f600b1e23f2e126ebd0e6848192406
src/features/workspace/services/profile.server.ts	RECONSTRUCTED_ADDED_LINES	7d11cc9d9df8731ef9995756cc662271e5e8bdfb6de2011e6a3ede5df80ead0d
src/features/workspace/services/profile.shared.ts	RECONSTRUCTED_ADDED_LINES	d0c8bc879e65d6982e99d5b8f1d7635ed2eb59027bd1a1a59ffe4d748bb40528
src/features/workspace/types.ts	RECONSTRUCTED_EDITED_whitespace_unverified	576c737ac95a52bd6b934a1e61375c3c90dc568b03762131a585168e08346132
src/features/workspace/utils/identity.test.ts	RECONSTRUCTED_ADDED_LINES	561569422c10b61aac9c2aa1794721db51287002d34c2b288fe7572e789400dd
src/features/workspace/utils/identity.ts	RECONSTRUCTED_ADDED_LINES	cda04fccadd0ed5d482824a54b9b25ccccc3f7b12405470e1b83cca1a364e120
src/hooks/use-mobile.tsx	BYTE_VERIFIED	21eff740f9e5c965c7f0782925a7e8f67ddfcdf0f58b6613550f99c3e1c454e9
src/i18n/I18nProvider.tsx	RECONSTRUCTED_ADDED_LINES	635b74664b2c1ec6689be23f463b8c64cdcf79c613b302edbd3f12a23493c127
src/i18n/config.ts	BYTE_VERIFIED	769ec8f933510ee85f68e1f7a0924d240356e9b1dfe2626ce4a085ab636c90f2
src/i18n/format.ts	RECONSTRUCTED_EDITED_whitespace_unverified	66a85a45b9e7d086bd73ce447fab76fd949906b849e7bb675994c5902ed0b197
src/i18n/locales/en-US/auth.json	RECONSTRUCTED_EDITED_whitespace_unverified	9f1ea0d7b748a64af7c83fb0734d775e2d27584fa16dabf4098659f7ec348b61
src/i18n/locales/en-US/ballpark.json	RECONSTRUCTED_EDITED_whitespace_unverified	5854839e0230fcfcd4842c1f73a71829b1c2bceaa7173a6ced9eed92ec2e8906
src/i18n/locales/en-US/billing.json	RECONSTRUCTED_ADDED_LINES	8fe5fbf7e9ae51643aeda151d8d4fa192aee25ee6df08a53af76972397bc9ed1
src/i18n/locales/en-US/common.json	RECONSTRUCTED_EDITED_whitespace_unverified	de99cac9e6e76dae75782935472f4f989d09b062b2c77119ce791de2bda4a9fd
src/i18n/locales/en-US/confidence.json	RECONSTRUCTED_ADDED_LINES	c0e96399c3e6b118183bc3b87342d1c9dbde058143868d12c81186218a1b1958
src/i18n/locales/en-US/copilot.json	RECONSTRUCTED_EDITED_whitespace_unverified	c2f024e5b95d9c608a0f1d0fa4ea168100fc98c69f06a8b1e664faf00c1ccb9c
src/i18n/locales/en-US/crm.json	RECONSTRUCTED_EDITED_whitespace_unverified	b110b1b250b3f382dba4f9041afa4a24b51a632c1514ab66c7b7ce69e8ed34e1
src/i18n/locales/en-US/design-system.json	RECONSTRUCTED_ADDED_LINES	66bb3de0c0285130fee3fe31d7f74a45284b44582ded48aa93ab6fecbbf83485
src/i18n/locales/en-US/errors.json	RECONSTRUCTED_ADDED_LINES	f0a21073879c6922c484b80bfee8b3ce42b214a1f82aebd6d0afb8658c51f235
src/i18n/locales/en-US/estimating.json	RECONSTRUCTED_EDITED_whitespace_unverified	86e33685dd12ee33fdb68ed06f03f17fb6b7503c7dae6a777f61b525da5ac4d4
src/i18n/locales/en-US/foundation.json	RECONSTRUCTED_EDITED_whitespace_unverified	bef76219b37e05b55fc5f4e52a9b251415fde310ef30da219f838115fdaf75d1
src/i18n/locales/en-US/knowledge-base.json	RECONSTRUCTED_EDITED_whitespace_unverified	8bbd19efb4a599a103cbc1757eaf80be1622c8e1c1660a6764acb65a3b34d40d
src/i18n/locales/en-US/knowledge.json	RECONSTRUCTED_ADDED_LINES	ceb56f541d0e38d4b375432514df4ac33814ff5af7c68131a92e774b1abf69d7
src/i18n/locales/en-US/legal.json	RECONSTRUCTED_ADDED_LINES	ed7f35fecf5fb8d6abc9e75d27afa105d92c878f3e933ff50020b5302ad4ec10
src/i18n/locales/en-US/narrative.json	RECONSTRUCTED_EDITED_whitespace_unverified	dcfaf39d410975bd761b0fe6212419ab3bd1ebb945f7675ad2466b30d3cccde8
src/i18n/locales/en-US/navigation.json	RECONSTRUCTED_ADDED_LINES	6030bb4a52700f70a7ca6f09c5899d6bd5a225a1333b53ae0a2946db0fbd8f93
src/i18n/locales/en-US/proposal.json	RECONSTRUCTED_EDITED_whitespace_unverified	e737a17cd73900360f7f85fe25155d2c66c8e3d8f9888ca02aac73ff78ac6e9f
src/i18n/locales/en-US/remote-vision.json	RECONSTRUCTED_EDITED_whitespace_unverified	7c7a5fe496c4002d4d331632f41a200b51da8c9e4d28538e4e36049bb27d3315
src/i18n/locales/en-US/scope.json	RECONSTRUCTED_EDITED_whitespace_unverified	53d18bd25f462c15e744308adb434256ccf4ab5ddc290003b33270c198baf59b
src/i18n/locales/en-US/settings.json	RECONSTRUCTED_EDITED_whitespace_unverified	350fcf7b8d95fb3ccfe9583bb699f0121d185618ade20ff5a1ba3b2219fd7a39
src/i18n/locales/en-US/status.json	RECONSTRUCTED_ADDED_LINES	929021be59b08079aa9b71516e43bb0016bbda074d6e1fb2188e69f0cc397a89
src/i18n/locales/en-US/support.json	RECONSTRUCTED_ADDED_LINES	6d7e5a7782ccd224b2d23f70ef380d91f623c231933b9db67b47a6dc782f69cd
src/i18n/locales/en-US/voice.json	RECONSTRUCTED_EDITED_whitespace_unverified	4c3a7edd76a526b14528abbe504c8a870dcb2ff9306fc6d2c853f68c088951ba
src/i18n/locales/en-US/walkthrough.json	RECONSTRUCTED_EDITED_whitespace_unverified	de32e93e5bf9da46841e8b96fabd6014e525a8dfb1b4736d3b1e518b40bcc1a1
src/i18n/locales/en-US/workspace-pw.json	RECONSTRUCTED_EDITED_whitespace_unverified	3e2770ba7ddd9516a5baf9e63957fccf3158c6c99b48896fd812c5cca2ebdaf6
src/i18n/locales/en-US/workspace.json	RECONSTRUCTED_EDITED_whitespace_unverified	dfabbeb2ce00322e7e493b70e171eb03c86942f2ebb2702e1c904d05df5661d3
src/i18n/locales/es-US/auth.json	RECONSTRUCTED_EDITED_whitespace_unverified	8b04a149713086a1e30ee3b85439af628f42dccfa326261b2ac64fa38b6bd84e
src/i18n/locales/es-US/ballpark.json	RECONSTRUCTED_EDITED_whitespace_unverified	8cd730a5744a89a18c05555dd0dd3e9110f1068dc4df1f4ebd99d59cee1aeb06
src/i18n/locales/es-US/billing.json	RECONSTRUCTED_ADDED_LINES	5dbe9f535b8fd23577af47f1b0242a64072dffc18c2cf95557456f5d435accc8
src/i18n/locales/es-US/common.json	RECONSTRUCTED_EDITED_whitespace_unverified	5c2eef49c118c6c7d8034cd14a3b91773f6e4b6f41db6d320d735141d6dd8056
src/i18n/locales/es-US/confidence.json	RECONSTRUCTED_ADDED_LINES	64845f10553ea8f3b1c362792eb37d1a8ee40b9b83f8b320ccdf2e37eddf0f82
src/i18n/locales/es-US/copilot.json	RECONSTRUCTED_EDITED_whitespace_unverified	511a1201748134ef6a9dd197df8a0cb6f01d48c1f964ce82efd9829e050d402e
src/i18n/locales/es-US/crm.json	RECONSTRUCTED_EDITED_whitespace_unverified	99f77ee492cd18681c1462728dc1e18d3331b29fd591a6f35c0a587dc1f05279
src/i18n/locales/es-US/design-system.json	RECONSTRUCTED_ADDED_LINES	4e62da5a711c8354202d5ed62bce32c6af82f25638945cfc4788f1fea5a62fcd
src/i18n/locales/es-US/errors.json	RECONSTRUCTED_ADDED_LINES	35f7ef6360c19c5332963e38382d3bee6e046c4d39822a0a5e5618ad3bc5c294
src/i18n/locales/es-US/estimating.json	RECONSTRUCTED_EDITED_whitespace_unverified	e96ccf36efc655ad7147f029b5025b73e06573a08dbc345d831cf239afc982ae
src/i18n/locales/es-US/foundation.json	RECONSTRUCTED_EDITED_whitespace_unverified	95c4fe0350b49064a3b543d772e2bee598140e0058e1f75aae085d0f1d47caab
src/i18n/locales/es-US/knowledge-base.json	RECONSTRUCTED_EDITED_whitespace_unverified	6baa28324ed3220e6508bd609e7347a57a0b180d69834210c0bed1043bfb471d
src/i18n/locales/es-US/knowledge.json	RECONSTRUCTED_ADDED_LINES	a03056cd51ec09ab2d4a830810ffc53256cdce5c069826f1f48cb63ae0517ac2
src/i18n/locales/es-US/legal.json	RECONSTRUCTED_ADDED_LINES	63312ca735c95333ba29e8dfeaa961877b2325c34f3c5afd4c1c1f7652ffcdfc
src/i18n/locales/es-US/narrative.json	RECONSTRUCTED_EDITED_whitespace_unverified	b0c928ea98ee2fc91d85570d8e6e6e74ca787e49650bfb67fa50c2ce1ba26305
src/i18n/locales/es-US/navigation.json	RECONSTRUCTED_ADDED_LINES	716979f943b532cdb9d07966d9a9112c0b4512d52d3b9a302042aeced5ce93a2
src/i18n/locales/es-US/proposal.json	RECONSTRUCTED_EDITED_whitespace_unverified	adec39edd74bcde95901ff55e1a3ef1ee104b84d4bda65b08457ad28fd64b06d
src/i18n/locales/es-US/remote-vision.json	RECONSTRUCTED_EDITED_whitespace_unverified	2826cb93e5d4431421f627080f69764d0d0c20e822bef3661a8fbb6931f3d5a4
src/i18n/locales/es-US/scope.json	RECONSTRUCTED_EDITED_whitespace_unverified	d8d88171f828753a9727a244e338ea054619d8383c94adbce3a9f8ed3278e7da
src/i18n/locales/es-US/settings.json	RECONSTRUCTED_EDITED_whitespace_unverified	b8d095299f2babbfdc1aedfc774958966535fc2aed804e1bbc712948d512152c
src/i18n/locales/es-US/status.json	RECONSTRUCTED_ADDED_LINES	b0dce553bf06a9761cc338e16a9b267414b220d003b1a01a898ec80c87bc161d
src/i18n/locales/es-US/support.json	RECONSTRUCTED_ADDED_LINES	56fabc698f2be1682ad4a9c176d9edbede86f0460fa5f7aecb9de43a69a7ad66
src/i18n/locales/es-US/voice.json	RECONSTRUCTED_EDITED_whitespace_unverified	7fd7c622ee841c2ecb1dd144c38b11f4669714ab34de7027054863bef893d657
src/i18n/locales/es-US/walkthrough.json	RECONSTRUCTED_EDITED_whitespace_unverified	7a99ea32375745f1976a37394493199e37965c6cac89dc52a65d4da6b6c0e2b2
src/i18n/locales/es-US/workspace-pw.json	RECONSTRUCTED_EDITED_whitespace_unverified	57e5eac962c9ea433cba617e5adc1a565823cb042d2c43f43c41c2d9e8182247
src/i18n/locales/es-US/workspace.json	RECONSTRUCTED_EDITED_whitespace_unverified	5e96b6da945c66f599f8de7b3890263f605ee9654602796480efa6f8d441e73f
src/i18n/types.ts	RECONSTRUCTED_ADDED_LINES	f1182d7becc230795b88a2c58e2e98e05150c00eb5a50ffb5d85ea25d2e5ae23
src/integrations/supabase/auth-attacher.ts	RECONSTRUCTED_ADDED_LINES	6f3a336700721b5cbf9235fb18b9575cdb5d1f55e4656b2f4a3cadc7ae81b8eb
src/integrations/supabase/auth-middleware.ts	RECONSTRUCTED_ADDED_LINES	3a3095c529924a4663ee2eb110c2c01ac9e8e7ec678ed9691a37722a837ddbde
src/integrations/supabase/client.server.ts	RECONSTRUCTED_ADDED_LINES	a0e67c35be0648dddc2e4646cc5fe7d4f345406e272a0474b2d6e94781178b1f
src/integrations/supabase/client.ts	RECONSTRUCTED_EDITED_whitespace_unverified	bd7395df82b78f08fde3572129eccd1fb7d40905094eb80fac2849590b65a14a
src/integrations/supabase/previewAuthStorage.ts	RECONSTRUCTED_ADDED_LINES	634c0f279327b7c79f6e38b54b7ab4ae3737f0d6c3a660d8ac02a9659be48a0f
src/integrations/supabase/types.ts	BYTE_VERIFIED	a52e79bcacd7b9dfb16e4d53d50961b6a796d9845f184236452c464fb4e98640
src/lib/async/withTimeout.ts	RECONSTRUCTED_ADDED_LINES	fedd514109e5814da330a1305d39c9309d1cfb9cdfb183dc39c8eba431494d54
src/lib/auth/localSession.ts	RECONSTRUCTED_EDITED_whitespace_unverified	1ee6afb7310a97ccb0e9d81ae94fd795a09ea653dd88e57fe20ac2bc76238935
src/lib/auth/safeRedirect.test.ts	RECONSTRUCTED_ADDED_LINES	37e2f42562074e6ef1d858e987171fe60b8db6b9c253a47808a76597e1d4de12
src/lib/auth/safeRedirect.ts	RECONSTRUCTED_ADDED_LINES	d8f958cd7a39e5da7dc72f8b8c667c73fbb505018c2cc4b988f6867ec897e60a
src/lib/config/PublicConfigProvider.test.tsx	RECONSTRUCTED_EDITED_whitespace_unverified	316c13b612b250fd11b1b379b927fdb136354267815ecf2a9d4158c99517fa78
src/lib/config/PublicConfigProvider.tsx	RECONSTRUCTED_EDITED_whitespace_unverified	c2eda5ba18ec3fd8c8cdfcd4a16a86e124b5df4ef66aef5bfec455f9f81fce2d
src/lib/config/env.test.ts	RECONSTRUCTED_ADDED_LINES	ae21037ab96020239109619efc89b722846dc25f612f961365526c15c4448c01
src/lib/config/env.ts	RECONSTRUCTED_EDITED_whitespace_unverified	7c8625322648aa37fa665d87d4ebfaf805d05dcade8684803ae2c2599359cfc6
src/lib/config/managed-public-config.ts	RECONSTRUCTED_ADDED_LINES	53aa8559f8d133e38fd38ef28b92081e097e71e9fe3126769b285388c8da6376
src/lib/config/public-config.functions.ts	RECONSTRUCTED_ADDED_LINES	19883cfd92c8ea7eb7e5d55f1395c34dc66677fd54c9f710dd002a57c131ee83
src/lib/config/supportContact.ts	RECONSTRUCTED_ADDED_LINES	c4a0847a43d4e155ada087fe3aa7497ce0414058e2964a767282e9ca04f3a97b
src/lib/diagnostics/workspaceDiagnostics.ts	RECONSTRUCTED_ADDED_LINES	dbd1f068b5198a7d268059eec6f59c717d81cd86534c0e3b55d45b20589b1da3
src/lib/error-capture.ts	BYTE_VERIFIED	d6fa7756cbc4c399f4e891b174c2dce8160e2354972c2ae68413dfd1db843088
src/lib/error-page.ts	BYTE_VERIFIED	635915886f5d44a18b6add2a53959dbe2e8ba1bb3f7e597fc714650e74157bb6
src/lib/errors/AppError.ts	RECONSTRUCTED_ADDED_LINES	5acff09015f09b2cc52f3350873ca52c8405256c21883451602c278ad4e26a45
src/lib/logging/logger.ts	RECONSTRUCTED_EDITED_whitespace_unverified	5017e634e240e41d3a5fb7b1e978c6c31fd8388354b8ecf949cdc96fad5a245c
src/lib/lovable-error-reporting.ts	BYTE_VERIFIED	2e8e6986898a82da17e34de05ef731ce5b2697fca8fb39c02964a094d840644f
src/lib/mcp/index.ts	RECONSTRUCTED_ADDED_LINES	504717dc2a27800c3f349e36b5a106a2092930cb2a986bf733f0ac7e46397a56
src/lib/mcp/supabase.ts	RECONSTRUCTED_ADDED_LINES	36193530b3ecf83ebddcb83405719fc058cf909e6b0e580f33ef0d3e978058ad
src/lib/mcp/tools/get-estimate.ts	RECONSTRUCTED_ADDED_LINES	734efc41baa1601306b10f679a192bf856e4e6b7418997bcbe0c2b0b1171fa6b
src/lib/mcp/tools/get-project.ts	RECONSTRUCTED_ADDED_LINES	a0947265b073ce10bbe251b52b4d534cdb08d84d262fc9d49434324116b75682
src/lib/mcp/tools/list-clients.ts	RECONSTRUCTED_ADDED_LINES	9f4fa3514f542b093f28aff2042466c140584ba7ecc5a83093ca0883901d5608
src/lib/mcp/tools/list-projects.ts	RECONSTRUCTED_ADDED_LINES	6e0855d4f79d8a0a19a0dcb1f7a1f36f356966b5a346b63438dfdd02b0c22a7a
src/lib/network/NetworkStatusProvider.tsx	RECONSTRUCTED_EDITED_whitespace_unverified	af1b05ac2004ae470491674d08b6f49fbaa4915dc8e6996447506eccc5fc40e8
src/lib/session/lastRoute.ts	RECONSTRUCTED_ADDED_LINES	a59b68a3ea495187d4e86bdf7e0a3f4e27bcdf5a17f74033e00302ad6bd7fae8
src/lib/supabase/auth-attacher.ts	RECONSTRUCTED_EDITED_whitespace_unverified	ffa756293f745277132e8cde8cbb5c0b191890fd0cba001d5f1e2cba6e29f09f
src/lib/supabase/client.test.ts	RECONSTRUCTED_ADDED_LINES	4e46b714104a374d731234ea7127aa5f214754e63f90b14c8429f5daae586a32
src/lib/supabase/client.ts	RECONSTRUCTED_EDITED_whitespace_unverified	67d966ec62f987e2e574ec24b9f690419571adbd679b81da41ba6a6913443a3b
src/lib/utils.ts	BYTE_VERIFIED	d1f1e0d62cb8d8d1e04c26e14de842d8a151f75812d81b046c65b5d1fe8e4b27
src/pages/ConfigurationErrorPage.tsx	RECONSTRUCTED_EDITED_whitespace_unverified	bd01fc9ea6e8f6fbb3e4e7cf460cac9897d5354e3e9e98f06c4c943d3c533b39
src/pages/DesignSystemPage.tsx	RECONSTRUCTED_ADDED_LINES	8555978e33209d73a21cbb6897e10fe0fae3da5ec949d421373608530730a1b7
src/pages/LandingPage.tsx	RECONSTRUCTED_EDITED_whitespace_unverified	1dc08bf733a8925c3914e9fcd528d7666dcb43d36dab5e495eb8a578b1344bd7
src/pages/NotFoundPage.tsx	RECONSTRUCTED_EDITED_whitespace_unverified	be6f768cd70a4b94ced1b3b9387dd714027d49e80451495bfd3091bc8e73aef3
src/pages/SystemStatusPage.tsx	RECONSTRUCTED_EDITED_whitespace_unverified	bc00ac88b24f8792003ef59edc13c5f00cea5599f558d2c36b8d659371f3bba4
src/platform/PlatformProvider.test.tsx	RECONSTRUCTED_EDITED_whitespace_unverified	8254f54f8469186e7439ae81add1692f798c198adaa608a7ae48ca3f61ad0717
src/platform/PlatformProvider.tsx	RECONSTRUCTED_EDITED_whitespace_unverified	308e2afaf75e95ec09bb2a5fff6e369e37d39803cbec2df48e55a4ec8053b96b
src/platform/events/domainEvents.test.ts	RECONSTRUCTED_ADDED_LINES	104a2ee614afdf1d211008ea87813211f9024886ba23bfe7b10c06cf3557bc09
src/platform/events/domainEvents.ts	RECONSTRUCTED_ADDED_LINES	045d7b0c1f03b2497413f3eb286cdd5af88090244267b6ef89787ddc0474fa24
src/platform/files/FileStorageService.ts	RECONSTRUCTED_ADDED_LINES	7e6592bc18363dee9fc47ab9a8a65e0a5295d1a6de7c45ed23ff213abda792b8
src/platform/product-access/ProductAccessGuard.tsx	RECONSTRUCTED_EDITED_whitespace_unverified	0eb0393cfe4f0f7a62a9ecc5b87ba48a9dad3fda38d3d92474c302b35589ad6e
src/platform/product-access/productAccess.functions.ts	RECONSTRUCTED_EDITED_whitespace_unverified	4e18b6d669be634b5ff63070adfef195da3b5930fd25d25e569c9322bfab790d
src/platform/product-access/useProductAccess.ts	RECONSTRUCTED_EDITED_whitespace_unverified	0f7f80c5d35485b828710af5e62b97c2f15a7c473ad84b8f6581a8f010693764
src/platform/services/interfaces.ts	RECONSTRUCTED_ADDED_LINES	ca4fefa9f4cd70883329bd2af3ec8c7135756a359b2f8eba73c90be260ab8b0d
src/platform/types.ts	RECONSTRUCTED_ADDED_LINES	8e0d24f10538353759ff299c74e1e4329fa7b8d2334adea0c9098b1656d916aa
src/routeTree.gen.ts	BYTE_VERIFIED	62d12fc6ef2681a85213bfad60c9970f63eb3447f1dc67913b5561175d363c74
src/router.tsx	BYTE_VERIFIED	f6305284bf1c7fb781c0efcd1ef6258e1b9bf646e12847611051c044a53496e4
src/routes/ProtectedRoute.tsx	RECONSTRUCTED_EDITED_whitespace_unverified	6ba4ac7b3c98e2897c1d711c39f675cba184a8f36a0c285f3681091fedae52b1
src/routes/PublicOnlyRoute.tsx	RECONSTRUCTED_EDITED_whitespace_unverified	645d3e200af7edeb291bd96806505f31afa3fc9ff2c1c692ca6642120dd48172
src/routes/README.md	BYTE_VERIFIED	5c8187dbe79dac7a3c494f2600585508f5d15e75f04f21ea364d0de14de10575
src/routes/RootRedirect.tsx	RECONSTRUCTED_ADDED_LINES	2d6f57f12b5a32100b092ba7c820a44879dfb325fd9881fbbe0192faef2069de
src/routes/[.]lovable.oauth.consent.tsx	RECONSTRUCTED_ADDED_LINES	f7c02e69e1b875eef0f2d05c137ff06797ae9f2102a476442e55d85977af9145
src/routes/[.mcp]/invoke-tool/$tool.ts	RECONSTRUCTED_ADDED_LINES	b13ea7fa83dc6eda13cb7ca6738b029715416ffd4aa6d39f8bd0caf1ac94c936
src/routes/[.mcp]/list-tools.ts	RECONSTRUCTED_ADDED_LINES	d9091c6fdb21174dc63335dd8b2d681177ea25f93625e4db00bf927ae215777d
src/routes/[.well-known]/oauth-protected-resource.ts	RECONSTRUCTED_ADDED_LINES	690092bd3229b04674f511623225d542de47ca6a5fb4d65133ed50d13ed4d986
src/routes/__root.tsx	BYTE_VERIFIED	f2aa9057958c4e75e693068777c1ff54530ea69411fff87a05d60c3e80759578
src/routes/api/public/stripe-webhook.ts	RECONSTRUCTED_ADDED_LINES	0a7443c9037cf277ed6e97e79cbdaf1141fc2e4faf87ec50e91b943ebe2f8826
src/routes/api/transcribe.ts	RECONSTRUCTED_ADDED_LINES	bf6175c0566b0173ceec4cbb346e99d83f48c5b185f25674802af99dd1e30be9
src/routes/app.ballpark.tsx	RECONSTRUCTED_ADDED_LINES	9f09f33136dcd920e4e9f8420e4399b4fbc0476fe7e333f25b89acbead1b34e2
src/routes/app.billing.tsx	RECONSTRUCTED_ADDED_LINES	cc34d3c1bc17b4b420ea456c2623d51bcd77f89185e48489db6145f616171500
src/routes/app.calendar.tsx	RECONSTRUCTED_ADDED_LINES	61e7c2eac9ee529da832de773b92b13018cc4f5a16c4f95156643d163b5a9b83
src/routes/app.capture.tsx	RECONSTRUCTED_EDITED_whitespace_unverified	56e1553c4876ebd3ea5ffcc403c030deaaeeae53620a25d82133dae196ca5849
src/routes/app.clients.$clientId.index.tsx	RECONSTRUCTED_ADDED_LINES	a6ece7802424f9453cba0288614bac6ea9e2390cb3c79a0cf707e303cbab10f3
src/routes/app.clients.$clientId.properties.$propertyId.tsx	RECONSTRUCTED_ADDED_LINES	49a90c78b9d73b2fe9fd163c272351a86fc09bf00b0d3e312efe31b95fbd1456
src/routes/app.clients.$clientId.tsx	RECONSTRUCTED_ADDED_LINES	9a4a95a4ef7a75ecefa5f3835a29bd93d4c19b0659457f1740081154352bda61
src/routes/app.clients.index.tsx	RECONSTRUCTED_EDITED_whitespace_unverified	7481ecfd01158c1ceebf944e5f12aa5c26d7bdefe925ca395f8c78b001adf04d
src/routes/app.clients.tsx	RECONSTRUCTED_ADDED_LINES	e4e10243b3b8e4a11a3d15c96546f8d22f37c09f53e47b3faebc5eabff4344a0
src/routes/app.cost-book.tsx	RECONSTRUCTED_ADDED_LINES	0a178bb8579d82903d910821d75bf5f6aa0d398056cee884a29728dcad663cd8
src/routes/app.customers.tsx	RECONSTRUCTED_ADDED_LINES	a8d90e4d867aa0fe11c18529bee8a9003e40aaa1fad9965eb44d04ef18312d2c
src/routes/app.dashboard.tsx	RECONSTRUCTED_ADDED_LINES	fd94b477cbcbbdddce3024336dccacfb3c80db2a0c1e2860f59f90aa61116b71
src/routes/app.estimates.tsx	RECONSTRUCTED_ADDED_LINES	34245e0d5e65c2c616f19f0e44378191f9a090815bb325a7a65eebcf9b7efb15
src/routes/app.files.tsx	RECONSTRUCTED_ADDED_LINES	be447f5d06a34f9ea421bbe8b884512052ea7c50f767e352ad7c5d6bad72401d
src/routes/app.index.tsx	RECONSTRUCTED_ADDED_LINES	3fb2a6b992e97989e7e59061f3ff2ca93f9a3f2ab7ac3f2bd448030807d35117
src/routes/app.knowledge-base.tsx	RECONSTRUCTED_ADDED_LINES	20264d4857b98ee4dca11f40d90cf6de00c044e025261b50c6b92dfc3c05b8e7
src/routes/app.knowledge.tsx	RECONSTRUCTED_ADDED_LINES	ef5127958f40676ebcaebb03b7f74b71761b47002c2c5863ac6559054cd3a948
src/routes/app.organization.tsx	RECONSTRUCTED_ADDED_LINES	2c2ffd96efb6696a2e79ddef8b1b235df73c7f8f1450200349bc4f4107e24129
src/routes/app.profile.tsx	RECONSTRUCTED_ADDED_LINES	92a96b37fc99b3db3d858097576aff16a6b76d31b7e8aa2555599a9dc38b48d0
src/routes/app.projects.$projectId.index.tsx	RECONSTRUCTED_ADDED_LINES	b8a4ebefb66df2ba8b9bbc40cb81bf15d3de7cb82c3dc06c915305df7be1e0bd
src/routes/app.projects.$projectId.rooms.$roomId.tsx	RECONSTRUCTED_ADDED_LINES	093ce82858d6108cbf263b6e2f9b0722b1d80d6658074b7c3c860ad88aebd201
src/routes/app.projects.$projectId.tsx	RECONSTRUCTED_ADDED_LINES	53627a7124ea6cfb4831a6f43c606c0260480e2bcb4981bbcbf5b00e539a28cd
src/routes/app.projects.index.tsx	BYTE_VERIFIED	d5d4b4a472729f9dad1a4d8d020d93294c25d9787f050cee72ff690a553a25fe
src/routes/app.projects.tsx	RECONSTRUCTED_ADDED_LINES	1e330a1ddb5f44b9af1188be3db0813ec024be620b7d4a33eea85bda6885aa2d
src/routes/app.properties.tsx	RECONSTRUCTED_EDITED_whitespace_unverified	700541c60f1758c1f0f4d7b67dc3125367b732d8f13e2e48d006e7a49f8a93c2
src/routes/app.proposal.$projectId.tsx	RECONSTRUCTED_ADDED_LINES	f33cced611ca8814e2bc98d5409882cc00b871b5fde41c7cb70d790b06c9e6e5
src/routes/app.proposals.tsx	RECONSTRUCTED_EDITED_whitespace_unverified	07c43b710cb9bb3b47df91259dc59deb7c0def43f3bbd7b6e17e820bc8e22105
src/routes/app.remote-vision.tsx	RECONSTRUCTED_EDITED_whitespace_unverified	c8c765e2d3d333c35c2596fca106f5c83665abdd60d10dfc2a1d6cbe83993537
src/routes/app.renderings.tsx	RECONSTRUCTED_ADDED_LINES	2538b4e29e8528e56ca2126675d97b97bdbf7137355904ae860ef800383dfaca
src/routes/app.reports.tsx	RECONSTRUCTED_ADDED_LINES	adf9a82d7378b079090d35ef62d199759dc9d8ad2eb1020a034b323377596620
src/routes/app.settings.tsx	BYTE_VERIFIED	5355d1be1e98a044f249b864f48e849e26244bf2c57e8ac572033d96ae95c888
src/routes/app.support.tsx	RECONSTRUCTED_ADDED_LINES	017d1e17957338bf93b312d0e0d0c44b718b5771560599438170e799e576929f
src/routes/app.terminology.tsx	RECONSTRUCTED_ADDED_LINES	ca427e7db35ecfbb47e68e5b6fabb18a0da334704d78eb741fb87e82513a6bfd
src/routes/app.trade-coverage.tsx	RECONSTRUCTED_ADDED_LINES	b03be514de8196655147b13a4f03c3ed6ef54a182aae79a0c2c8aa3a25dac70d
src/routes/app.tsx	RECONSTRUCTED_ADDED_LINES	4da3252ed2ed7e902de47373d44435201112e191882c154b56a09eb098fa6e13
src/routes/app.walkthrough.tsx	RECONSTRUCTED_ADDED_LINES	963924ac3a57bed7379f6f76d3dd783c0e8d3217f0ea9d02d8eabb323f095029
src/routes/design-system.tsx	RECONSTRUCTED_ADDED_LINES	0c733a10eb90e119daa41d088f79a36fa41479ccb62dafc48f58b1c84f2ed776
src/routes/forgot-password.tsx	RECONSTRUCTED_ADDED_LINES	755907ea457e3a441cb94e080b203858f5a0409cb12c008a811a3981d55cff8c
src/routes/index.tsx	BYTE_VERIFIED	97a0d433c19a189a1761da931e3735e1ed633d7a637599298d9944d71a3b3464
src/routes/legal.privacy.tsx	RECONSTRUCTED_ADDED_LINES	ab119d4affcfd0a73a51c771b6567da30d5dd6c8acb12b10c432fdb8f9ad276c
src/routes/legal.terms.tsx	RECONSTRUCTED_ADDED_LINES	f40c3e3b5b1e56bf5773f4318f052a904ce529a3c799f85983b54c8fe20f55c1
src/routes/login.tsx	RECONSTRUCTED_EDITED_whitespace_unverified	492b9603e17f2c4a8e4b38b855d17b26f1882cc90d11190942d06730bb685f80
src/routes/mcp.ts	RECONSTRUCTED_ADDED_LINES	901b6b33d9d0b270bc3781bd92e51980d1aae343f564a395a2526034b7bdbbca
src/routes/no-access.tsx	RECONSTRUCTED_EDITED_whitespace_unverified	503baad261ae05b4111e860933e984f4637040c8a66fd033411689afe767d1ab
src/routes/p.$token.tsx	RECONSTRUCTED_ADDED_LINES	e0a6ae5329872f95355ceb77e427a2c4d9453c0860473dea5f0cce12abeaeb02
src/routes/proposal-print.$projectId.tsx	RECONSTRUCTED_ADDED_LINES	b8d0ef33abbbda34436b1abb64d44e68e377a5da1f0a3e6dfc7f7eb6f14635b5
src/routes/register.tsx	RECONSTRUCTED_ADDED_LINES	ef28918ffd57fe8471dc5877df04f583158d322cfa6dbdc1bec64972e7916410
src/routes/reset-password.tsx	RECONSTRUCTED_ADDED_LINES	24e88e95b055d2857c0dbe9b3c350d14c80ba4e2da56e9d3633abfac32a274d4
src/routes/system-status.tsx	RECONSTRUCTED_ADDED_LINES	479e2726c550fa04125a3a49a81c65fa394a4ae1a40bfd77cd85f5c9cf4a81dc
src/server.ts	BYTE_VERIFIED	f0ee683067afee145f81a63a3af76b3d3767e2a1f61f0e82582f8da184ad3ef6
src/start.ts	BYTE_VERIFIED	0ddc792a089b228efac4a432f5330e914ab9c54e526e8e83fef392380cc775e0
src/styles.css	BYTE_VERIFIED	c3e7fab86dcb0c4808e8dbe0883c9a9ed791eafaa8e439f7511a3a3ab528cd5a
src/tests/.gitkeep	RECONSTRUCTED_ADDED_LINES	e3b0c44298fc1c149afbf4c8996fb92427ae41e4649b934ca495991b7852b855
src/tests/auth/authLoadingStall.test.tsx	RECONSTRUCTED_EDITED_whitespace_unverified	7401b2c0f9ee7bc08196e900dc1752da945aad3b4290dbe2b009688522f97385
src/tests/costBook/costBook.test.ts	RECONSTRUCTED_ADDED_LINES	e71e81e7f7e2a524cbabf0ca9f41ef6158fe2b8d0f14f19a38874502dd591405
src/tests/crm/listReturn.test.ts	RECONSTRUCTED_ADDED_LINES	a8f3302ec6e251a2cf18df0af3f1eb0396a7893facc8ee7755296b52d12723ac
src/tests/crm/listSearchState.test.tsx	RECONSTRUCTED_ADDED_LINES	9140d20becadf381decd14a9335bd7cd6346926a614fad1eb61d535d36bd546e
src/tests/estimating/assemblyComponentNoSilentDrop.test.ts	RECONSTRUCTED_ADDED_LINES	9ede6e2941af2db53697a02ed21a69794fbb700d582d5ac710dc5c8293384b86
src/tests/estimating/assemblyConsumables.test.ts	RECONSTRUCTED_ADDED_LINES	7f0105a08d8577672a15fa67515019e22770e314514d4a2918f5839d18396f82
src/tests/estimating/assemblyPieceConversion.test.ts	RECONSTRUCTED_ADDED_LINES	e1662f9e1a5e778ff64d21ae4151fdb957551eabae408632c78bc7ae44058042
src/tests/estimating/assemblyQuantities.test.ts	RECONSTRUCTED_ADDED_LINES	9083f757022ab7008dda8e1e8fc531a5db81b2394e2e216453087249cf4f1cf1
src/tests/estimating/assemblyRollupDisplay.test.ts	RECONSTRUCTED_ADDED_LINES	46766b6597837ea5c329adeb0d707dd6b0c70f9bd3bc4cc94fc66bcda5c9411f
src/tests/estimating/assemblyTradeRollout.test.ts	RECONSTRUCTED_ADDED_LINES	eb6505b137db44f0549eeac8f3d72df6160480ff97b70f54e966799ea2ca477a
src/tests/estimating/ballparkPlausibility.test.ts	RECONSTRUCTED_ADDED_LINES	2186edf96c6e01dcde1484f9ec0caee4c70f822709e91a8e84c4741014946abc
src/tests/estimating/clarificationState.test.ts	RECONSTRUCTED_ADDED_LINES	07047ee5846a49d9d21750eba41634af426072ffbf6f77f9d884dd7d93bbab4a
src/tests/estimating/contractorBreakdownVisibility.test.ts	RECONSTRUCTED_ADDED_LINES	21877d946787b238ba575754917b26f56972711ab45bda50c2842b4faa73ce9b
src/tests/estimating/costBasisAudit.test.ts	RECONSTRUCTED_ADDED_LINES	0fa2187b4fa31a3623b5b76ba3060667a1f54f1006cfb59f67595dda053592de
src/tests/estimating/crewDuration.test.ts	RECONSTRUCTED_ADDED_LINES	036e8ba4bfd9a343f2596698aa839bf17ae72f564a5d1df531c8c2f281a6bda8
src/tests/estimating/estimateCopy.test.ts	RECONSTRUCTED_ADDED_LINES	585babba586b66275b8ba1217abd03ee5650caa83e01c93aaf344a5778ba9030
src/tests/estimating/estimateDraftGuard.test.ts	RECONSTRUCTED_ADDED_LINES	853c72661b31bea57f58f142a1d72cba3608d90e96d6672f4ea33f9361b92c7f
src/tests/estimating/estimateTabOrder.test.ts	RECONSTRUCTED_EDITED_whitespace_unverified	6c034430e248f2b9c7c6f31ef8a3cd71f592414e7dcad9a970cb6374e5aed2de
src/tests/estimating/estimatingModes.test.ts	RECONSTRUCTED_ADDED_LINES	b55e46c1fabbbf2c1eda65436de5588056e859f1ef352f9f26da15b8b7bde11b
src/tests/estimating/exteriorRealRates.test.ts	RECONSTRUCTED_ADDED_LINES	4b9196890bfdf1ed0d4110adf51c6542ef16ac79cfb6b4618e4059a44212a872
src/tests/estimating/financialSummary.test.tsx	RECONSTRUCTED_EDITED_whitespace_unverified	af08bc898a2a64cfdab8937f640d21e17621ee33310dd29a45c849cf0c88d83b
src/tests/estimating/knowledgeExpansion.test.ts	RECONSTRUCTED_ADDED_LINES	e5024b823b8c9ba61c62ac6fdcfe3a932137961b01f6c805d84fd9429bdf34b5
src/tests/estimating/laborHours.test.ts	RECONSTRUCTED_EDITED_whitespace_unverified	0f89b118c5b09dce9ae4307273638d9dc83a4e8e65bf0e7f0bb1fa7d63b1c107
src/tests/estimating/laborReconciliation.test.ts	RECONSTRUCTED_EDITED_whitespace_unverified	ede43b828c451a0460090755b79ba758a9128d781282c28d943081b1abfbdccd
src/tests/estimating/laborSummaryDuration.test.ts	RECONSTRUCTED_ADDED_LINES	7b501ec7ac962b30f29e79f95473746b78c52d7fb37e1270e692a8b79eb6dc48
src/tests/estimating/lineMeasurementBinding.test.ts	RECONSTRUCTED_ADDED_LINES	301b5d2822048744ef4656e31e8099080b5a73dafb57d96fc0347db480790d2e
src/tests/estimating/locationFactorSplit.test.ts	RECONSTRUCTED_ADDED_LINES	1f611edff253b3e14fb9d89f5a876adbbf07234207de2f62c9dcc5fa55afb055
src/tests/estimating/materialPricingProvider.test.ts	RECONSTRUCTED_ADDED_LINES	d98d0ec4f39250a3678da3fd814f07458e0b0060e5bca09f4b5622c569d59934
src/tests/estimating/materialsBreakdown.test.ts	RECONSTRUCTED_ADDED_LINES	d032883d9efb2f628a73b8b4fcf73bd916f1d732827448e46a27284e25829911
src/tests/estimating/onePricingEngine.test.ts	RECONSTRUCTED_ADDED_LINES	1fad8e1666c4570ce943a755c73cf95ba241a4ff0ec35a605e1b12abab507097
src/tests/estimating/placeholderQuantityFlag.test.ts	RECONSTRUCTED_ADDED_LINES	fa1658ec1b7c3df95f89958b55198d68aaa4a2a9c4af07bbdd29f3fa601fb591
src/tests/estimating/preliminaryFinalReconciliation.test.ts	RECONSTRUCTED_ADDED_LINES	09bc0fcc6eff4725e102a83c949ef3b2a63d46131b0858da7798ae40ce093af2
src/tests/estimating/pricingCoverage.test.ts	RECONSTRUCTED_EDITED_whitespace_unverified	2d6636d081c450f90cebabd65d1519a093773801971c659ae6a4995eeea35d47
src/tests/estimating/pricingEngineVersion.test.ts	RECONSTRUCTED_ADDED_LINES	c8bb650c7768a8c9d14c324ac305b90e10f8170cc8defc5a9eb72c9d9fff234c
src/tests/estimating/pricingMethod.test.ts	BYTE_VERIFIED	1d4d2bb9d521ca04b3be555a00baae819850157c178d364842cbfc11a12d850a
src/tests/estimating/pricingModes.test.ts	RECONSTRUCTED_ADDED_LINES	15c1eb2bb5cfe2a3812453c8494e0469f78672daedbe3b967cd62f59fcb4de75
src/tests/estimating/residentialCoverage.test.ts	RECONSTRUCTED_ADDED_LINES	0903d0a205795fa7ced4fa8e20007325cee8c574a716a36a480c3e6a3207b872
src/tests/estimating/scopeValidationGate.test.ts	RECONSTRUCTED_ADDED_LINES	b550d1b52134265a1dd0d7a057f3f732525e5c77660992046bc34cf6659d24f6
src/tests/estimating/shoppingListSeparation.test.ts	RECONSTRUCTED_ADDED_LINES	6ff986da2df09968779b19b937836ef1ffe7b9e217c3e72db9e9911b57013dac
src/tests/estimating/tradeClassification.test.ts	RECONSTRUCTED_ADDED_LINES	15bb5ed37e0f841d9858185ce6ea956fa0cc4f59f85a774aecfe42a4b7336115
src/tests/estimating/tradeTaxonomy.test.ts	RECONSTRUCTED_ADDED_LINES	fc049f482c12463bf27e3745818fb795a703d584529aba01931dc942ef3358da
src/tests/integration/twoProjectsOneProperty.integration.test.ts	BYTE_VERIFIED	893959d008a48b6d4a0ff4313ab89128af9a8ff1eaba5adadc86a9f9c09cdb65
src/tests/measurement/imperialMeasurement.test.tsx	RECONSTRUCTED_ADDED_LINES	4b0da7344a5565d2c66a56e93ff6a76509cdb14b7195951a0d8376feb743e903
src/tests/measurement/measurementCapture.test.ts	RECONSTRUCTED_ADDED_LINES	eb4d7a53460e911630fbdd53c189b13e824d5db2b3facfadf1838f22c8521558
src/tests/pilot/improveAccuracyWithdrawn.test.ts	RECONSTRUCTED_ADDED_LINES	ee2d7b5e4ecd3e85220d29b631aaf7088ba15097b598964145768b7fa81e9bf5
src/tests/pilot/pilotCriticalPath.test.ts	RECONSTRUCTED_ADDED_LINES	9ee3adbd5153df4f099fcfd31dd7e18e556cd109cd240af3dbe51e6742013218
src/tests/pilot/pilotGates.test.ts	RECONSTRUCTED_ADDED_LINES	cf06096f6d69f96c681a5bed00cb11f07cac2b29ae08596fac19eb807b49b0f1
src/tests/pilot/pilotSurfaces.test.ts	RECONSTRUCTED_ADDED_LINES	d3982b8a139a45d02657974a9391bffa3b0125b432917e1a64ca69a6396c2600
src/tests/proposal/asIllustrated.test.tsx	RECONSTRUCTED_ADDED_LINES	c9bc84a0ebb8b8d7e14dc3d8e4f912835c57337974c76583e7a2bbf8876f120a
src/tests/proposal/proposalClientPortal.test.tsx	RECONSTRUCTED_ADDED_LINES	63eac0c082501f8e6755e7df77e402244d7a2592d8c6cf0eabe8e701535e3a24
src/tests/proposal/proposalGalleryHierarchy.test.tsx	RECONSTRUCTED_ADDED_LINES	e019160b6c8f5fd63f4c4d18dcff9fbc11e5ca3b26b09fcd0dce8a9b1835254b
src/tests/proposal/proposalPrint.test.ts	RECONSTRUCTED_ADDED_LINES	1c6c7a31ffde9b378c41956d78a44b1a49a65882949a0977a7c50338bf138439
src/tests/proposal/proposalToolbarControls.test.tsx	RECONSTRUCTED_ADDED_LINES	dae8026bfa3245666f0b9fd0cf514a9d82babf9cb0dff9c96b0c0e7c5a990047
src/tests/regression/ballparkAllowanceCommit.test.ts	RECONSTRUCTED_ADDED_LINES	8b0042d0957ef80cceea53241839b3276960401a72b105cc21ec9d92a984a47b
src/tests/regression/ballparkBandSelection.test.ts	RECONSTRUCTED_ADDED_LINES	782ef6032b54007a97d24000b0f5a018e5cad6b1959b8439c2fa5ace62f983af
src/tests/regression/ballparkCostBasisInvariance.test.ts	RECONSTRUCTED_ADDED_LINES	605ed64d94bc23dfe898acda80e098b79f1040c350b7983371ed513d07f5e1f1
src/tests/regression/ballparkDetailedSeparation.test.tsx	RECONSTRUCTED_ADDED_LINES	eca1663971159d95d0a3c6968d0b0ce7d0e34e6ecec5227e76879988f3fa784e
src/tests/regression/ballparkMeasurementPressure.test.ts	RECONSTRUCTED_ADDED_LINES	228c82af65dfb6bc44f1735bb8e83b57580171f24d01cae50cf3ccefb3ad440d
src/tests/regression/ballparkProjectSwitch.test.tsx	RECONSTRUCTED_ADDED_LINES	aa1b35893952ae5873c5457f939299725238ec02d430d4834454e9d7b4c58709
src/tests/regression/ballparkQuestionIsolation.test.ts	RECONSTRUCTED_ADDED_LINES	39ead8cd5428559e87e29ae98a3df262b9f33aa9bb04872531f23d4ca9c78cc7
src/tests/regression/ballparkQuestionPolicy.test.ts	RECONSTRUCTED_ADDED_LINES	33277575efd6e5cdd97f09e50e3cc31ce0f4e641838681fd70433d3b9ebe372d
src/tests/regression/ballparkSevenBoxes.test.tsx	RECONSTRUCTED_ADDED_LINES	108acc14e3a1f20959e6710a5a836d11b586badc977a69b49638793fb5d4a62c
src/tests/regression/builtInBookcasesNarrative.test.ts	RECONSTRUCTED_ADDED_LINES	d8a3a7d2adca45c9a5ea6b6639290815ddf0dbee4284734c374f58c4c75cb91d
src/tests/regression/cabinetHallucination.test.ts	RECONSTRUCTED_EDITED_whitespace_unverified	b5bd2ecdc0fdf8aee00ad59a57da6ee0cab79ac6f20b8401ea3e8c2e549f80f0
src/tests/regression/cabinetRunAuthority.test.ts	RECONSTRUCTED_ADDED_LINES	4d0f636c5d99b64d6e4c0ef2f2a9dbc2ed025bfcc4f28f2623b24eed86155386
src/tests/regression/cabinetRunGeometry.test.ts	RECONSTRUCTED_ADDED_LINES	cc3b69a1a84ff48853b031455ea545e5f1bea99c1cfbdb8dd79be769b750a63c
src/tests/regression/canonicalCostPipeline.test.ts	RECONSTRUCTED_ADDED_LINES	d04dae5b92707804140108883247927fea0839f5921cf27dcdd6ecd45016b634
src/tests/regression/canonicalReasoningMatrix.test.ts	RECONSTRUCTED_ADDED_LINES	573de53158d3b6878629a1c480dd824afbfa13e1c9d9dc647da8ef465a527398
src/tests/regression/constructionDependencies.test.ts	RECONSTRUCTED_ADDED_LINES	f632dbe920943c8953a3266b70eabaddea671f08fdd54f50f2aab109fcf09000
src/tests/regression/correctionPass.test.ts	RECONSTRUCTED_ADDED_LINES	5449344f288b2bb4fc8c396ea06f2e79b7a567ccfb2082ba7d92c9b1436204eb
src/tests/regression/crmDeletion.test.ts	RECONSTRUCTED_ADDED_LINES	c1c5fc4f9b41e6c816e5edadff53dffde79a4f7b057c71c7167df2c131bba475
src/tests/regression/crossTypeMatrix.test.ts	RECONSTRUCTED_EDITED_whitespace_unverified	e7ae457046b45ad8643af5d82e817f23dff9147ef75311e3d2bb35fcf49eae0c
src/tests/regression/deckRebuildRecognition.test.ts	RECONSTRUCTED_ADDED_LINES	6346d4c068656a3cf08ab4d8ec1c662721d59fcf56d2fe3a14c844936574f3e2
src/tests/regression/deckRepeatedMentionArea.test.ts	RECONSTRUCTED_ADDED_LINES	5001cfb2ab460e6059c292b76c43192062fbcfdf5ef928f85ecab7fde9176f76
src/tests/regression/deckStatedAreaDerivation.test.ts	RECONSTRUCTED_ADDED_LINES	9165ff250f3439b9f373867800aef4764563b50f15f672a7cf9540a309b5307d
src/tests/regression/estimateResolutionGate.test.ts	RECONSTRUCTED_ADDED_LINES	c80f74a9e2798b1b09dcd6a486c809832d1ce96ce59c4651563616460560229e
src/tests/regression/estimatorReadingMerge.test.ts	RECONSTRUCTED_ADDED_LINES	b3fdd6e021feebf60583b961148c55012efbefe3ad48fc58f6349a4f05f617d5
src/tests/regression/evidenceFirstQuantities.test.ts	RECONSTRUCTED_ADDED_LINES	14fffe156b6f6cd75f2b5b93290e9500f58a6e7d471d165bffb3cedbcad27947
src/tests/regression/exteriorTrimWording.test.ts	RECONSTRUCTED_ADDED_LINES	e72b111773b78de879a25f8778cc88707eb2f0a107dde1eef475a3e2ad1ac073
src/tests/regression/garageConversionIntegrity.test.ts	RECONSTRUCTED_ADDED_LINES	b4ee3825102f30dc3d736e69581ac7a45af7b371aa8c973af1092a5a20e78721
src/tests/regression/garagePricingIntegrity.test.ts	RECONSTRUCTED_ADDED_LINES	7500375ea778f0d8030e5407f6521f892ceac6d9b7e3702f7f4bca87875503cb
src/tests/regression/genericTradeFallback.test.ts	RECONSTRUCTED_ADDED_LINES	5670489f96270f5bd200cdc7f3179c7983caed1a99e3f753b02b61d756688323
src/tests/regression/handymanNarrationScope.test.ts	RECONSTRUCTED_ADDED_LINES	af886afcf83d3c52b511cf9f9ccac81255a33fa0c8e7411ff26176d6251a5064
src/tests/regression/handymanScopeFidelity.test.ts	RECONSTRUCTED_ADDED_LINES	aafa9cb3cc74194b72ac7db65eed945dd30fb5b75f6e79fdd7abc0f88c8a2798
src/tests/regression/improveAccuracyCanonical.test.ts	RECONSTRUCTED_ADDED_LINES	3ebae1ec9e421bcf00895fc2ab32dc372f7caa34a0de148fc1ad27aa5ce05a35
src/tests/regression/improveAccuracyFactIntegrity.test.ts	RECONSTRUCTED_ADDED_LINES	fedd333da89721581f74af47fb6030c687427a0166fa15ca427b08601eedaf0b
src/tests/regression/intakeLaborRateReconciliation.test.ts	RECONSTRUCTED_EDITED_whitespace_unverified	051967a256a4e66ee8340eb4e511cd07b92b927f8dd759091712138f08d0a700
src/tests/regression/lvlBuiltInJob.test.ts	RECONSTRUCTED_ADDED_LINES	83822fd259e76911dffbc3c0edd4fef37bdb7d1afeeb9bc81fa1a06979ec67ae
src/tests/regression/measurementContext.test.ts	RECONSTRUCTED_ADDED_LINES	15fac167f07707b852938ba8f18d844db7c53a46fffebb71ad3142b3f1a1480d
src/tests/regression/multiRoomScaling.test.ts	RECONSTRUCTED_ADDED_LINES	bf0bac8e4177a2019e837fd1e156a89f8f159c272d068ee511b1aee6c1b8b903
src/tests/regression/permitEstimating.test.ts	RECONSTRUCTED_ADDED_LINES	a24515162553fabf7c964c65faccafe3ade0b1cf0012c9f4b40b9659e58c04f7
src/tests/regression/permitServerAdapters.test.ts	RECONSTRUCTED_ADDED_LINES	8f7ec72bbc3a5dae097ba95f23afc47ef287c40d0e771b61a72117bfae8e8184
src/tests/regression/preliminaryFinalBridge.test.ts	RECONSTRUCTED_ADDED_LINES	f95659a1c74e437702ca2350b06d1ca05b4b7cf2fc0226e317a8db30c8285a71
src/tests/regression/preliminaryPricingCoverage.test.ts	RECONSTRUCTED_ADDED_LINES	487a5e6b61c7fdfc71eb8f6d877a048fc301e04f63eab79e8184cfe857fe8df4
src/tests/regression/projectIsolation.estimating.test.ts	RECONSTRUCTED_ADDED_LINES	e7bf7a11f9481f0ad08f8c6872a564ab5c6ee55e475d1522f9c7a428d78cbbe5
src/tests/regression/provenanceIntake.test.ts	RECONSTRUCTED_ADDED_LINES	2ab9e0e0aa599981d472f43a9aa8fdec5ab58d9765c22cff4fc44ed204476558
src/tests/regression/quarterHourLabor.test.ts	RECONSTRUCTED_ADDED_LINES	6ad4c2c26a70cff65c74d75a3523236898c718583f4f92dcbcb72a50061b3075
src/tests/regression/reRecordedScopeReruns.test.ts	RECONSTRUCTED_ADDED_LINES	a099b4f7b5b9da38f2416256e3e60214b53e251615e1f9bf42b204ac273a357e
src/tests/regression/remoteVisionRateAuthority.test.ts	RECONSTRUCTED_ADDED_LINES	a029177fd2fe533b5f178aa666ebdce72065f6e34ef12b9ff51284b04f3050b6
src/tests/regression/scopeAwareBallpark.test.ts	RECONSTRUCTED_ADDED_LINES	997da430434c8249e6d439b0932707955092585f19e1d26f4f677641b6859ff8
src/tests/regression/sequentialMultiProject.test.ts	RECONSTRUCTED_EDITED_whitespace_unverified	f3224ebf7789c39995b7eb3c33de06ad8b749b9acb43340782074e1ea95a4807
src/tests/regression/spokenWordingPreserved.test.ts	RECONSTRUCTED_ADDED_LINES	136ee9817b65b69d1d34d62dc7b86efd36fe895ac5bea183f6f7a4741641faf5
src/tests/regression/subjectScopedEvidence.test.ts	RECONSTRUCTED_ADDED_LINES	34deab66efc317cf324f281ffd56e5523a6ee799b4c287ddd322b768dfdbab01
src/tests/regression/taskHourReasoning.test.ts	RECONSTRUCTED_ADDED_LINES	3b5eec6436e88e03088b9d3a1f084339e9c1971bd45b08cb85202612cb4adbb6
src/tests/regression/tradeUnitStandards.test.ts	RECONSTRUCTED_ADDED_LINES	3addc19b826baa18daf731ce4abb15cb0a0b9924cddef12cfa79236685bbb957
src/tests/regression/universalEstimatingEngine.test.ts	RECONSTRUCTED_ADDED_LINES	b015a67a40ddc0025a728023c5c8ef34682b803a18c81cb880585814948d23bf
src/tests/regression/universalScopeCoverage.test.ts	RECONSTRUCTED_ADDED_LINES	d184cc0314c66993fdcee0b007b428d6b3d64eb4a4c87960f81a2a34eb7cabe3
src/tests/regression/wholeDollarPricing.test.ts	RECONSTRUCTED_ADDED_LINES	c3f856e825675c7e6b47143ba589f1078609a779a25ad6c0f3ef625c9eb6ac3c
src/tests/regression/workRecognition.test.ts	RECONSTRUCTED_ADDED_LINES	913e4f3b04d8ef204673a1bca28b41c5dca03c622a3b15893cf1718ae2da3ff0
src/tests/remote-vision/autoVisionAnalysis.test.tsx	RECONSTRUCTED_ADDED_LINES	51ccba5f865d7643370fe9b6616e288ad0f85219b1d83604e14674bc431bf3ec
src/tests/remote-vision/cabinetAllowanceDefaults.test.ts	RECONSTRUCTED_ADDED_LINES	9f1023f12d9d6aa3e81d86e787530f6ca74dced42fd126cf4885a2a95f2610eb
src/tests/remote-vision/deixis.test.ts	RECONSTRUCTED_ADDED_LINES	4ffa42580e3569e336d9fc94f2291ac38ffc7da494ed3c60a4395be3267ab47c
src/tests/remote-vision/durableSessionHydration.test.ts	RECONSTRUCTED_ADDED_LINES	254dd7611b90f17c61eb3b4ab09af89843185ff69769519266ee238771dad098
src/tests/remote-vision/ensureMediaAnalysisServer.test.ts	RECONSTRUCTED_ADDED_LINES	6c0f972cc0c003a3c3bac7c1bf1d36faa090a4c610f076aa49c60a37b1519436
src/tests/remote-vision/exteriorScaleCoverage.test.ts	RECONSTRUCTED_ADDED_LINES	d2b6e8ba4798443ef73b694f30dff5ba326b56d4bcd9b3ac1e9fdbe62cc3425c
src/tests/remote-vision/fusion.test.ts	RECONSTRUCTED_ADDED_LINES	18ed65cd1b167044de8e85058c81e491b619211b2a2884324b0eaa458ef0f1d4
src/tests/remote-vision/mediaPersistence.test.ts	RECONSTRUCTED_ADDED_LINES	8df01714af6e7929d218e578fa2383b1a477c1622269365b7cc74a249de02b3c
src/tests/remote-vision/multiItemNarrationRepair.test.ts	RECONSTRUCTED_ADDED_LINES	d76b83e7f2d28c8666eadf3a54b380c38e564cc5f68047011fb32d8e57d54a0b
src/tests/remote-vision/ontology.test.ts	RECONSTRUCTED_ADDED_LINES	5f3abf5a76894efdbd7e2300163b1ae46f3175e1e6c14b2e5a21e13c356842da
src/tests/remote-vision/regionScaleTolerance.test.ts	RECONSTRUCTED_ADDED_LINES	f37d3de01714818f495fb397064ffef6495d78e1d99771671c81990014932e67
src/tests/remote-vision/storedPhotoVisionInput.test.ts	RECONSTRUCTED_ADDED_LINES	853239494b9effec7423b8d80577dc5f2c106956e9b0bb043258cf27c2e8ddb9
src/tests/remote-vision/surfaceIndependentAnalysis.test.ts	RECONSTRUCTED_ADDED_LINES	e43beedc42d0119952d49f4babd2764392977100e6429c8adfff526949d31ebc
src/tests/remote-vision/videoIntake.test.ts	RECONSTRUCTED_ADDED_LINES	cedfff17e34da7dd50c410f1608d1a95a956c4e72f6635698f6aa008e44fa58a
src/tests/routes/LoginLoop.test.tsx	RECONSTRUCTED_EDITED_whitespace_unverified	5750ccc966f750f36c455093008b174d1f6154ab1798616df930f1aa5cb4bf72
src/tests/routes/ProtectedRoute.test.tsx	RECONSTRUCTED_ADDED_LINES	9f8d5e28a75a5927371fd63aaab48a831ff4802e98ae529067ca91a0bca6a8bc
src/tests/routes/RootRedirect.test.tsx	RECONSTRUCTED_ADDED_LINES	c88f92214b7ec5b633c2e54e3086febe1f1953a34ff405d02eff17089b8f3140
src/tests/scope/tradeReassignment.test.tsx	RECONSTRUCTED_ADDED_LINES	6b902d47c398135886b608e706a46e483f33acb8811d4c76b531ed80c8127ec9
src/tests/scope/validationDecisionDurability.test.ts	RECONSTRUCTED_ADDED_LINES	f3be845c54fca7363576c7dd22719ebb48d6863b301c3b577e1cb92cacb26ddf
src/tests/setup.ts	BYTE_VERIFIED	6c39cb618c178437886dc06638c20f4d8ca23f59909d63bfe05021b46c714566
src/tests/start/authMiddleware.guardrail.test.ts	BYTE_VERIFIED	43607a3efa319b092b6540496dd5d7a1a8e539cb2c6fa07e17f9a075de61c505
src/tests/terminology/terminologyMemory.test.ts	RECONSTRUCTED_ADDED_LINES	646530ee129bf6a3a4b47ae1a9636c8d16a393ef6227a0adfc0861a8a107d649
src/tests/terminology/terminologyPipelineWiring.test.ts	RECONSTRUCTED_ADDED_LINES	796bc87b80759ca3f087a131ed11428094d9866b667b322bb09b378877db303c
src/tests/ui/buttonHierarchy.test.ts	RECONSTRUCTED_EDITED_whitespace_unverified	538830a6c27d2f00115f3471401811f9ac8b6bc2d9ad69932ed5bd126e257578
src/tests/ui/densityTokens.test.ts	RECONSTRUCTED_ADDED_LINES	00a4a87c4a305c651b5d75670658a4e396990dafd7fc0a1637380db0cef3f227
src/tests/ui/tabsActiveState.test.ts	RECONSTRUCTED_ADDED_LINES	d3c94cd47c2e732996d03cfafea6edff36bf5b7f2749d9025eeeb591a7042cb3
src/tests/voice/sharedRecorder.test.tsx	RECONSTRUCTED_ADDED_LINES	2b2f34b29851b2e79d5d4833606b128b8123d8e381b007795510e7b3e39df165
src/tests/walkthrough/dictationFallback.test.ts	RECONSTRUCTED_ADDED_LINES	3777c1408edb65d40ac6903dc314574fb4ba772e50db82564e90daf6067e4c44
src/tests/walkthrough/projectIsolation.test.ts	RECONSTRUCTED_ADDED_LINES	da48607d6883537c33cc8a95998946f81d434a4b81a0481733d45b16908db43a
src/tests/workspace/accountEmail.test.ts	RECONSTRUCTED_ADDED_LINES	e9d18c6dffc4aee3b05d1df9092dcd2e084997d14c37285b19a1227f46a054f2
src/tests/workspace/authenticatedWorkspace.smoke.test.tsx	RECONSTRUCTED_EDITED_whitespace_unverified	816f1b155fd161b826ed835a4a929b7b8a6d58e0d2f47560dc76d5ec091f0bce
src/tests/workspace/companyLogo.test.ts	RECONSTRUCTED_ADDED_LINES	834823465448851159cffebdf462975f33b3cf6b05d7f8eebf5186d218efb431
src/tests/workspace/profileEditing.test.ts	RECONSTRUCTED_ADDED_LINES	1b125a5fefd483d515d6ad70b9b9fc92a2a129b0e0a5653b10d3e17903d6fee4
src/types/.gitkeep	RECONSTRUCTED_ADDED_LINES	e3b0c44298fc1c149afbf4c8996fb92427ae41e4649b934ca495991b7852b855
src/types/confidence.ts	RECONSTRUCTED_ADDED_LINES	45c949bfe5934b99a8515bcaff9d0d9756f998532bc59c95ea86429c98893ae9
supabase/config.toml	RECONSTRUCTED_ADDED_LINES	c1864f47c2abf05aadeb9d1ca8c7676780c869e1fb1abf6bcd92403e00425546
supabase/functions/.gitkeep	RECONSTRUCTED_ADDED_LINES	e3b0c44298fc1c149afbf4c8996fb92427ae41e4649b934ca495991b7852b855
supabase/migrations/.gitkeep	RECONSTRUCTED_ADDED_LINES	e3b0c44298fc1c149afbf4c8996fb92427ae41e4649b934ca495991b7852b855
supabase/migrations/20260727111214_57c50f29-f43b-4259-b770-3702a578453a.sql	RECONSTRUCTED_ADDED_LINES	f2f97735e4ca52f4c020cf786a5e35a59c948762a8a7b65007cb18d6b6df9c63
supabase/migrations/20260727111245_6c5f9905-99bf-478a-aec7-d709ad9f70f4.sql	RECONSTRUCTED_ADDED_LINES	e08b62f995ed863969ee3bbe87e3a8e6ba74cd840ace1ae5cc058f380bd6455c
supabase/migrations/20260727111256_0b67581d-084e-450e-9e72-22af5d18e532.sql	RECONSTRUCTED_ADDED_LINES	7bf48134f9572b3fb755bca0690f91455583fe3f881ac92927ddbf3d1f1707c4
supabase/migrations/20260727142730_8232d881-4d84-4b0e-9895-f9dd936558dc.sql	RECONSTRUCTED_ADDED_LINES	e3d4f36529e41ac4b0eb6254e3bdce06513963e69c88314289767634be30a9c9
supabase/migrations/20260727185649_68acda06-b6e1-49cf-88c6-31c86a3b69bc.sql	RECONSTRUCTED_ADDED_LINES	c989cd57d7e290f569cb33785f6ed1b3ffdb20dfb87e1a167c5790e4d93b7b1e
supabase/migrations/20260727192144_c370d96f-8d2f-46ed-b5b6-d96018daee21.sql	RECONSTRUCTED_ADDED_LINES	bac39726b884d4f7e3c3c34798d3ae2440ae7ed626b1151e65ed52af263c4d28
supabase/migrations/20260727202656_3bf38f87-f370-4af2-bfc7-d1f3f6c1ca35.sql	RECONSTRUCTED_ADDED_LINES	4540fb7bbe962fc03be71adc3725b03cb1cb664dba5e2e1d4f5032320cc3a098
supabase/migrations/20260727202726_0d03e92c-996e-43fa-8417-cc1584e9785a.sql	RECONSTRUCTED_ADDED_LINES	104686c836bbac56a49de3b4aa69f79bd09c2ee3f817e0653eb2967313e54ab2
supabase/migrations/20260727204013_af046e7e-2bdd-4b36-bd98-6129335a9556.sql	RECONSTRUCTED_ADDED_LINES	2dec2439dc3cb55b9bae81b7557da5bd9cdca466fe7536ec15c4e9ce4021e178
supabase/migrations/20260727204921_ae1652c7-2d3b-4149-b977-50e9f5b2b6ba.sql	RECONSTRUCTED_ADDED_LINES	0d8e9300df9601cabd33345e79750777bcd339c4d8948db0a0fec21bb85549b6
supabase/migrations/20260727205445_180d0fa0-7a32-45ac-a519-397cc742ff20.sql	RECONSTRUCTED_ADDED_LINES	203bdfe37432302a5124400b8360271f6e8ba80f08fed09c0d3bca9af26e6239
supabase/migrations/20260727210950_d604fa90-b7ca-4db2-8b58-c80ebf984e8a.sql	RECONSTRUCTED_ADDED_LINES	23962e9b42213bdfc989fc4dbb51fe758e3d01b8d6e892d950d87d4d4248277e
supabase/migrations/20260727220753_3dec1f27-87a8-4ae5-97e1-5867b868e89e.sql	RECONSTRUCTED_ADDED_LINES	42b16aaac71fae2f1478534af9e7b3f0aa9216b79f63eda0088f230bb6838581
supabase/migrations/20260727222526_94231afc-96cf-416e-b501-2fff8222bbc0.sql	RECONSTRUCTED_ADDED_LINES	00f19283e0dc3d8c1c4f5159ccca1b9a2fbe939affd6f9ddb9d72c588d6701f9
supabase/migrations/20260727223854_1c563043-06ad-4ba2-afe1-cf6fb7181015.sql	RECONSTRUCTED_ADDED_LINES	426f38cc1502899a89e5b6c21a096bdbeb6b556b3240b2ca0b2ef902e5d4487d
supabase/migrations/20260728101533_f80e71a4-c129-4109-8316-7a84da177020.sql	RECONSTRUCTED_ADDED_LINES	e97226de5555439c6d47c3271d205300ea91eb6f0013a453b190b140eee4e6b5
supabase/migrations/20260728101556_bc849e8a-5b62-483c-ab5c-1d2751d3c48f.sql	RECONSTRUCTED_ADDED_LINES	d6a60e3a81b3a7a7b7d2ec7dd4286a39d66032c383f7c59599688c9e279b4c06
supabase/migrations/20260728102124_571c44ba-0628-4a0d-8a5e-a6075cf998e8.sql	RECONSTRUCTED_ADDED_LINES	2fa08d08fb5cbb57a592915178588fc4805f4eda26ba6b283c58e20a81bc753c
supabase/migrations/20260728114928_4f3b8d00-3c5a-48ba-988d-8b4c75be8c16.sql	RECONSTRUCTED_ADDED_LINES	470ee73cdb3e61927c319574364043b4365521727ca5df956108b450e03711a5
supabase/migrations/20260728205509_eef2354f-204e-49d3-90f7-d2984c25a773.sql	RECONSTRUCTED_ADDED_LINES	4d6ce701483975f4b18f6ac9b1c9e448026096c41e0fc075c728c26a45d75168
supabase/migrations/20260730191509_ca9e25c3-74a3-4b88-8c78-c9820cc8852c.sql	RECONSTRUCTED_ADDED_LINES	58096eb256adb00265242a8f4d472749b2c7ec20de6182d6155fb6bcfce7e19f
supabase/migrations/20260730210938_3de645c3-90f8-4803-b736-867549f60a8d.sql	RECONSTRUCTED_ADDED_LINES	9ce82d783a7846f57cb4b1f40870d7a42b9789a3243ee864b1051c87eb9f1a2a
supabase/migrations/20260730213656_787c9e4a-aa0a-4208-ae26-95764cb6d052.sql	RECONSTRUCTED_ADDED_LINES	1e77c21cb942a85b835e70613c5e6c8678d998607ca13873e9cc2d555a715aa4
supabase/migrations/20260801142446_ff8d620d-0a00-431e-9812-31f5ed8369a2.sql	RECONSTRUCTED_ADDED_LINES	55c42e4ed26841a5ed8424a5d27200709911160e4c55835afab96cbe56b9ad11
supabase/migrations/20260801153725_2f1d1704-5160-4ba0-929a-a684a847ffa4.sql	RECONSTRUCTED_ADDED_LINES	d43e3b1357fc443fb82df436a31a2f6fd2b329cb6bc314cbb9f12e02c51d80df
supabase/migrations/20260801154024_77271940-5b46-41bb-ac0f-bd656408a96d.sql	RECONSTRUCTED_ADDED_LINES	54807bffdfbcd05661aa2b68be4158f459b23046bfb320071944d38988199e85
supabase/migrations/20260802134305_3a6c7561-5d98-43a9-a9f4-cd6857e42906.sql	RECONSTRUCTED_ADDED_LINES	ec42fc58ee2d98976cf17ca2578ef2b9bd16b296fb1e71b263da1749b699595c
supabase/migrations/20260803124940_ccfa5556-4e0d-427c-b63f-110794a60ac0.sql	RECONSTRUCTED_ADDED_LINES	163c7b410b7772b02757e6607c92fe429d7fb44283f6effa3f3f081a7c968278
supabase/migrations/20260803125008_7561b613-c8c5-4454-8c3f-95c482458144.sql	RECONSTRUCTED_ADDED_LINES	8f5a67d62378cbcce488d7ef8e773a6a9241af0a6368af3bf635dc33642f57c7
supabase/migrations/20260803155429_30d680b1-5eb1-4df8-af37-d76970830613.sql	RECONSTRUCTED_ADDED_LINES	343fca0551ed325a32e6c65423b8d04eb0ce70cf5f008051c4ebcb6eab5cfeba
supabase/migrations/20260803164121_dae14fc5-995b-42b3-9ae0-af00e07ec490.sql	RECONSTRUCTED_ADDED_LINES	5c0db8322007af9a0bce0331b73edf1df8bccabcb115ebc6de5152fd5f904c6a
supabase/migrations/20260803164154_8bf3fd7c-661c-4273-8393-724f94e7dcbb.sql	RECONSTRUCTED_ADDED_LINES	bf940b49b51eecd1cae78b8c9b070a8cf1923665db229b4ccaa176070e7c8a38
supabase/migrations/20260803164216_cc250979-076d-4174-b6c9-9a0691d98179.sql	RECONSTRUCTED_ADDED_LINES	6e833e8b2c8445f08937f569055f6ffdadc1fe5bec57f46a8d1f09170c266ece
supabase/migrations/20260803173003_49ca4425-91b2-4d70-8a13-98e07589ab5a.sql	RECONSTRUCTED_ADDED_LINES	1a19f47ece481d807717b982de47db700bc6e05d7b2f6f933095e56f7da96ed8
supabase/migrations/20260803173635_7011e870-cdbe-4c92-8477-8edea13ba22e.sql	RECONSTRUCTED_ADDED_LINES	48ae7342e2549467cfe4c61690cb8d4b5d6faa3c2afd3ab6be6b373e72ccdf87
supabase/migrations/20260803183517_5206662f-9ebb-4c89-a6de-fbac14215f9c.sql	RECONSTRUCTED_ADDED_LINES	df1844a47e1d9d3400dbfcc154de0645a5c307f90a103cb1b0d79a372755d76a
supabase/migrations/20260803183547_78b43aa1-85a1-410d-8844-0c9fab38ac73.sql	RECONSTRUCTED_ADDED_LINES	d238d577b2f04bf5efb797212c7bc6d4aa9a01ebbb499c5eda991a6116097460
supabase/migrations/20260803205757_b4c4392d-6add-4df0-a5c5-953c410cc986.sql	RECONSTRUCTED_ADDED_LINES	b92b39e7fd6b6c286fa3fa51910dea192a0f4e51ec4abdbf5e3221e1918c1bf7
supabase/migrations/20260803213155_4923966d-ee87-4627-8d37-9f313f1edfed.sql	RECONSTRUCTED_ADDED_LINES	52c6057ab92bd7d430c9aa888c39a7c622ed37333090261c1f909342b88c7ba9
supabase/migrations/20260803215445_86ad9e77-d912-4586-809b-9d42a30b0607.sql	RECONSTRUCTED_ADDED_LINES	dcacd4e6d1594509fdfc32e3a883b6d7468ee08f1668c65f2d9167ff62f4f8d0
supabase/migrations/20260803225202_09fbe697-539d-4d0e-b1ec-842aca9c6ebb.sql	RECONSTRUCTED_ADDED_LINES	7a651866708e90939a422018c8a7a40fb30c330eb6be4a397492360a1afb235c
supabase/migrations/20260804144125_d860ba3f-094c-4eb2-9188-e4a39ecc3ecf.sql	RECONSTRUCTED_ADDED_LINES	282b3a97532f527b75ded15e4f1a14cf04df7668e672cedfeeaf7c041f7922b8
supabase/migrations/20260804155103_a01ddc62-46a6-4379-9c90-bb0b2643afe8.sql	RECONSTRUCTED_ADDED_LINES	b485619a07e3d8f121c145212f5e3000531b5ef509c28d4a21926b0415c10cc0
supabase/migrations/20260804155148_5cac98af-cd13-4fb2-af85-23dd8cf77f74.sql	RECONSTRUCTED_ADDED_LINES	16d2208c6c2f8bcd07db8583a3deda90c2c3ee488adf5ed5654b769240fad6a3
supabase/migrations/20260804155334_109adbc6-c2c1-49ea-8e0e-8244d2a64fd2.sql	RECONSTRUCTED_ADDED_LINES	651ef088e0616705d19afa94754a3398ce1fbe48c8e28d22c235cc96ee77678b
supabase/migrations/20260804174949_4350bbd6-f4f9-4dab-8f08-1dc8f3436290.sql	RECONSTRUCTED_ADDED_LINES	0604957dbd1011e61d6926f463150fa7c853262268e5611bbbf113daac8ce148
supabase/migrations/20260805120228_31098773-7e47-42ff-9332-01faba62a425.sql	RECONSTRUCTED_ADDED_LINES	66ffef089629a2b3b29bc22322fe5b16cbaee89a43432ce408971023c01ca21a
supabase/migrations/20260805130341_b920d871-01a9-48c2-960a-8b4cb7db6503.sql	RECONSTRUCTED_ADDED_LINES	c6efa43f9dbbca023d10a8eb2713cde84c76196382a78bb42f3e324080af7242
supabase/migrations/20260807123917_5fbf19fb-66f6-4967-9119-4acbc3a472a4.sql	RECONSTRUCTED_ADDED_LINES	10455735dc5a7d1d14ecb0690a35eef0f0766f89782e528971bcc468ad32da40
supabase/migrations/20260807130739_ee85f91b-0170-4c84-8398-3fa21887e212.sql	RECONSTRUCTED_ADDED_LINES	3d7172e41348c8932b000e1636ee86088248c15991fea7e864aafb90cfcea450
supabase/migrations/20260807220525_b24472a1-1d46-4613-b11f-b4e2b4f5bdaf.sql	RECONSTRUCTED_ADDED_LINES	8810f3e8a953b107959d12691044deb45f483df11e7f596021e8ae80080c0f6b
supabase/migrations/20260807220541_1a2ce940-ad53-491c-9bed-caa30cad54f7.sql	RECONSTRUCTED_ADDED_LINES	bc60ea38a56d48560ae6031222e59d87d9d71df6fdd1ceac0405610e645c24bb
supabase/migrations/20260809125234_d87c264c-b20c-42d0-a660-e53fe08861b6.sql	RECONSTRUCTED_ADDED_LINES	59df4ca5e0f1f847edc1fee87ad9d6a43d1d026881b850556b45a7cf42bbb96b
supabase/migrations/20260809144302_1141542f-15bf-49a8-9d36-bb0265e2edec.sql	RECONSTRUCTED_ADDED_LINES	391d86c59c26dda0e787de54021810b8703f8273f7db7374237ce93a957d5aab
supabase/migrations/20260809153854_9348bf4b-6f94-44db-978d-b1ed4ce55c07.sql	RECONSTRUCTED_ADDED_LINES	53e1451d72a35e97e913c9d677d6d88fb2a41afc2342e28a9500d9ef7ece3c36
supabase/migrations/20260809164220_d613779c-c6ac-4910-8dcd-47f2dc5563df.sql	RECONSTRUCTED_ADDED_LINES	87167171b8c2fd8881947ba8a3a21113bb8820ece2866cd46aa846b399b56f6a
supabase/migrations/20260809211122_b38c9d2a-c74c-44c7-97bd-0fcc8a4abe56.sql	RECONSTRUCTED_ADDED_LINES	34f9f250dc1e8eb0c39bb96b5df92c4af9c73f9150cc9e955fc5ae3cdb713782
supabase/migrations/20260810111431_fe1095e0-a223-4dc5-9577-7a2d90f1ee2f.sql	RECONSTRUCTED_ADDED_LINES	130b20ad9c3dcfba56d6ad9b34de0c7d7d08073e9f133bd8649d2646a682cefd
supabase/migrations/20260810123735_57b70a97-17af-42b5-8880-e809765b0230.sql	RECONSTRUCTED_ADDED_LINES	0f8ba711048b907d26c9112edf47cd1cee35bb2644d0ebdf5c3fb71bca09e707
supabase/migrations/20260810130943_f8109f14-3fba-4d0d-813b-b4c31e19580f.sql	RECONSTRUCTED_ADDED_LINES	d832f196e68f616c272e484338e8270d1767a89444b46fe8c2ce4c21d9ddffa3
supabase/migrations/20260810214226_d749ac73-f688-43c9-ae29-596d79ab96cc.sql	RECONSTRUCTED_ADDED_LINES	99fa3d80ed54c353fa1f27466aa3d863955586fc4dc9db563a9f00bbd938f6cc
supabase/migrations/20260811131156_029dc039-718c-470c-a870-e28a1437096d.sql	RECONSTRUCTED_ADDED_LINES	bc348c766d1c4f398725b0b04badcc88470f1a28aeacae88e4278603fdccabac
supabase/migrations/20260811131405_aecb0c5c-bcbd-44ea-80e1-4ce04edd2a85.sql	RECONSTRUCTED_ADDED_LINES	60f67b4ed3634b14612083e161c7ee6ba5800546824915edac66a37dd9800d6e
supabase/migrations/20260814163232_41cadb48-fcb9-4b2c-9d2b-a28b8ef67343.sql	RECONSTRUCTED_ADDED_LINES	54ebfe7d816bcadff21786c527140e38f3cce0922d1652a6f05f279d415c38b2
supabase/migrations/20260814184515_56249175-e9b9-4a46-ac3f-0d01a4920d99.sql	RECONSTRUCTED_ADDED_LINES	6171a34f0c99f0b91ffb990a14a94410a76c73f202c2775ad3512635e66bbe80
supabase/migrations/20260814185432_24001d65-e1f8-48ac-939f-b0e12dbe660f.sql	RECONSTRUCTED_ADDED_LINES	cde30722d1204a2c35db0bc898dee6e7190b1ad1fd90dd882ab2056a4abf8520
supabase/migrations/20260817215407_25958006-2e00-46c3-a2e7-839e03b3bfe1.sql	RECONSTRUCTED_ADDED_LINES	9e8371aa7b3ef24e9d20d071129f8f8e3427cb38daae42f0bcd73023f62cd808
supabase/migrations/20260818095626_d071b626-8bdc-4ae2-9252-8d65f1b3fe21.sql	RECONSTRUCTED_ADDED_LINES	b11b5142058fa3a28ce38e54db0a1d4e34051e1f8ff2e5e903927b9e5c5186d1
supabase/migrations/20260819131723_c5ba46bd-d734-4905-8d53-053aef5f2b5b.sql	RECONSTRUCTED_ADDED_LINES	47614a5f71cd75c5770cb1c341b851d5c5952e5faccb5b03cba60cb628f0941f
supabase/migrations/20260819153306_c928fcc3-aa98-40da-a40a-0af9d33f0bbc.sql	RECONSTRUCTED_ADDED_LINES	2a086ce5e5ee732d0d349c4a65fb1c1c3ebd84043632cd1fa576a7f9f746bf08
supabase/migrations/20260819183048_35f522e5-1df0-4dea-8d5f-2dceb45e215b.sql	RECONSTRUCTED_ADDED_LINES	77861efd76c3d8a1186959d94dc87040b9f111574783b56617cee536312f0ed6
supabase/migrations/20260819203358_bde31f88-2473-4fa6-8eed-6586b697320a.sql	RECONSTRUCTED_ADDED_LINES	31173ceff96f7924aa8d2af7e7f0cad43b778bfbf9ffc014955c403f8f6e266b
supabase/migrations/20260819215125_bfab1c64-83cf-467b-8dc8-624b19525656.sql	RECONSTRUCTED_ADDED_LINES	f08e5ea84163b2ff57e1b799341f1a882c29b93fdeb51d410e8138661682cb23
supabase/migrations/20260819215323_b1ee3593-2166-4529-b2b5-3452bd4fc2a8.sql	RECONSTRUCTED_ADDED_LINES	84d146755766505e7571a4f24006144982e269441b0404943d2f2c1943368f64
supabase/migrations/20260819215722_76a76b55-5e83-4245-8ed9-89be42072c2d.sql	RECONSTRUCTED_ADDED_LINES	e1f2aa87bbc22f2406fa99a518a5ead656ef581bae8caed75f5ebf489291d0cf
supabase/migrations/20260820105133_91ee82b5-3e69-4e7a-b5bf-489bbf509891.sql	RECONSTRUCTED_ADDED_LINES	fc8b91bfc738bbbe339ee5de2b0f82e7f05805b1448af34c93f4725a2f2b4cb1
supabase/migrations/20260820120043_1c656c5d-9b74-478b-a625-eec6f02027fe.sql	RECONSTRUCTED_ADDED_LINES	b4d0e3dd187d4071f352472d27bad72d015def24c351255c54f483f9302faa5f
supabase/migrations/20260820120114_8567fd3d-0758-4cb5-be47-684d98153fd9.sql	RECONSTRUCTED_ADDED_LINES	1feb4e63367845b79741b32b077d54b98df8a94cb2488a400e398dd0fe399190
supabase/migrations/20260820221221_896ad5e7-5ede-457a-83e9-7b3e126c1364.sql	RECONSTRUCTED_ADDED_LINES	fd50d39ba9ef678f3a5d4a19cbd50ff17ad5cd3069526578efe33521406f063a
supabase/migrations/20260820221243_f0d0f1e6-b52f-4f69-8281-92bdab3262bb.sql	RECONSTRUCTED_ADDED_LINES	b8f8be9ccf0522d19d878582c3151371878d3625d19ff03fb0c36a42095fe4d1
supabase/migrations/20260820224154_518cf27e-5ad9-48c7-9bde-917f0f26e7bc.sql	RECONSTRUCTED_ADDED_LINES	923ec72184b1edb990c216f9bbafd37c66b3baa72c5b8b9a40730ad367b20583
supabase/migrations/20260821112624_ea1215dd-6579-4135-b8a9-850a3273c876.sql	RECONSTRUCTED_ADDED_LINES	242000d84a811812a496c40d795e6b65fd4ba380ff557670a9b77f77911a16e9
supabase/migrations/20260821112650_66843cd4-7f6d-4639-888d-ef2303ed35ea.sql	RECONSTRUCTED_ADDED_LINES	1c3930a7394e8bb0e599743a3c999cd94f7269bc5cd1eddae36b1434dc5e8351
supabase/migrations/20260821213342_10e99881-1c18-4457-81cf-c3f1cb5860bd.sql	RECONSTRUCTED_ADDED_LINES	e995abe1ef4fac4119a57792a590cb996b504c6d2878e79ad47ea38348262de6
supabase/migrations/20260821213739_7abf0797-c15c-445c-985c-7e0d303bb1b8.sql	RECONSTRUCTED_ADDED_LINES	e82d9b752e8ef33458337f1fddff6a2061c2b31e7fd7e6d47fa13e554835b22b
supabase/migrations/20260821214148_5db0e9b6-ab65-43c9-b811-38faaddd7d61.sql	RECONSTRUCTED_ADDED_LINES	2d28c3b8d3b834a8e0a107b3b4e90a1f701e78fcdabb4085b255dee65e0a414b
supabase/migrations/20260821215413_dcf1e2c5-dce2-4cf9-9ba1-f921056b44c9.sql	RECONSTRUCTED_ADDED_LINES	ccad6ab7f2c18095f8b73c697eb6a4189e0d0ee2f4a8ecfdf69e53dba0c8b751
supabase/migrations/20260821221002_40f046e6-02c2-4bcc-b0c6-bdd827f8bb58.sql	RECONSTRUCTED_ADDED_LINES	666821fdd2894d418f51a5af7c292480bec7c99826cf14b35fc57cbc0d424b94
supabase/migrations/20260822114947_86c3f9ca-392b-44b5-922f-41054bfef510.sql	RECONSTRUCTED_ADDED_LINES	9b37eb2a6134e5617ea7d90e62f8ffd70dda76cb00a9998c4b52cd1a0e8e2086
supabase/migrations/20260822134557_812b2c0c-ce59-4fe6-8c01-f616f988db95.sql	RECONSTRUCTED_ADDED_LINES	244b4cc4109463c2fee50788ce430efa7815e9027a77089c80082681ce6149b2
supabase/migrations/20260822134833_59080d7d-d3bf-4e82-a4d7-0fdfc5546a55.sql	RECONSTRUCTED_ADDED_LINES	07703ad8b08a11781fcfb971604383d62b54556e83d3753aa605603a8b67a04f
supabase/migrations/20260822134945_65c4f336-7925-49e1-a007-c4c9876c1d5b.sql	RECONSTRUCTED_ADDED_LINES	8bef956d4f579bb45f822a77e0b41eeab09c41b1d2303c1c17fef468729e7936
supabase/migrations/20260822195354_6b578f7b-bee0-4ef6-a752-2bcd232778b2.sql	RECONSTRUCTED_ADDED_LINES	a632aa391a9c2fe6986befb364a3456e1d19c585cf0136a79729c3d2c62972e2
supabase/migrations/20260822195534_db045162-3341-4510-8e0b-c851553d6c64.sql	RECONSTRUCTED_ADDED_LINES	958776944351e2b2af66d079550cc773d890e295779d7e9d76e63e714ede43d2
supabase/migrations/20260822195621_d4616e01-c461-464e-bb69-2dfa0ab035fa.sql	RECONSTRUCTED_ADDED_LINES	950bab04a9a895f93b187e0b2613ce9e20cb3f9f0e6b7382c657c1ba64c8ea21
supabase/migrations/20260822195734_869fe837-ae22-4f1e-a857-495498dd964d.sql	RECONSTRUCTED_ADDED_LINES	997ab106326f7b44d72ff7f2a1e26b8c6f86a40a60d35b4aaf80347f2d1ca06b
supabase/migrations/20260822195817_bb3de07a-7a64-4b15-8f84-fcfbb40def4b.sql	RECONSTRUCTED_ADDED_LINES	d6337847465f2fd608ec9f6ade183ca12ad3a931356e7c1ec209f8f1fe0b7729
supabase/migrations/20260822195943_ca43b7ab-3d67-43b5-bd20-89177f2d3c69.sql	RECONSTRUCTED_ADDED_LINES	b39ee931d832dea9ac9948eae461bdbcccc587d34453495d9f6495c4f08879fe
supabase/migrations/20260822213154_6ea6effa-e860-45ed-9a3d-bd09570bf1c2.sql	RECONSTRUCTED_ADDED_LINES	4d3fceea477cc5df650b3bd935449d77317de33a4d6815ae0c8677d6ccf05825
supabase/migrations/20260822213259_39e68233-2fc1-42c5-a49c-262fca4a43dd.sql	RECONSTRUCTED_ADDED_LINES	6db5d4458564596856125167f1d1ecdeb22bf9b6bae0eeec01e7ddf61e11c6e2
supabase/migrations/20260822214857_ed9a3289-ac8a-458d-8c0d-c5ec2e818922.sql	RECONSTRUCTED_ADDED_LINES	2562ed6dfcb05667f44cf9921bcb6d61ad33b51aaf73f95babfa7a47c82e8ca6
supabase/migrations/20260822214948_85ab9378-2032-4caa-ad2f-344414b559cc.sql	RECONSTRUCTED_ADDED_LINES	e9f26e492891b14ec51637609527c340875bf5817bafee5330e5531e6fbea16c
supabase/migrations/20260822215038_6980d044-159c-4c5f-9b64-c5570fe996cc.sql	RECONSTRUCTED_ADDED_LINES	62ae4108ff9ace7b3e370d61bc2a77c719595435bbd2a6ae1bcaa27cf24db56b
supabase/migrations/20260822215148_1733c519-a570-474e-836b-51e84b59f9f2.sql	RECONSTRUCTED_ADDED_LINES	19e6e3db208f514a60d193a889be0b5b0582a218bde4b895a53cc139b7ee6d2e
supabase/migrations/20260822220044_5ca9ff94-a99e-40c7-bd25-0cfd63b607b3.sql	RECONSTRUCTED_ADDED_LINES	50bacac2db07da75aac1328411b795f8b6ec28f9265ec959d0a7e3176791465e
supabase/migrations/20260822220123_67810c86-6354-4219-80c1-7600bc8e7411.sql	RECONSTRUCTED_ADDED_LINES	0f5d83b58557618b9d35e7d941efce3f09a400655710e8fa04cb9ffdfbc043f3
supabase/migrations/20260822220954_704edc81-e1bc-4f0f-8cc7-69d900582eaa.sql	RECONSTRUCTED_ADDED_LINES	f6dd26bb47c83681d44f5d36e7d61d9a646c98fef0d9919a304b43ae486f2975
supabase/migrations/20260822221331_6c5c0f4a-bb3e-45d2-9dbe-dc1cf9d44ca7.sql	RECONSTRUCTED_ADDED_LINES	94a37fbde31f4569fa19ecb2779f7646902bb65d187f0aced8501e240515971c
supabase/migrations/20260822221509_4d6dd4b0-d6fe-4002-94e3-ee04933106a9.sql	RECONSTRUCTED_ADDED_LINES	8a5f3ea9d3787887fb44d298dfba3b21b09d04116b3b8b6dfce3ee9cbaeb7f40
supabase/migrations/20260822235359_2a0eb94d-1ec6-4e88-b3bb-29cd4755a1e6.sql	RECONSTRUCTED_ADDED_LINES	4b6c8ff8e69398e6c1b98f640cd72266bdb1d0b96a0bd99fe0bc848b46f4ebb4
supabase/migrations/20260822235808_45eae3cb-197b-47e0-8ecd-60bbe1ba2dbf.sql	RECONSTRUCTED_ADDED_LINES	5f4d14498f6b72822c29199d9fb8eb9ca223d4142214ac2c64061768a0624d8a
supabase/migrations/20260823001618_e57dc729-65d8-46e1-a02f-181792f4d227.sql	RECONSTRUCTED_ADDED_LINES	f9d24b79c80f99ec544e62b6a34a5953d8bc38f453bed0f79fa94193a5bb9e73
supabase/migrations/20260823001707_a050cb72-2288-432d-9edb-cb6d801ec8b3.sql	RECONSTRUCTED_ADDED_LINES	996b8340130311ac0dfc922f5d38eff92b529a32eea0a0fd80437b0c02ea2b3b
supabase/migrations/20260823134512_04ff7f30-6c00-4f58-a2d4-19e2bac986e7.sql	RECONSTRUCTED_ADDED_LINES	dc80dc10e619cfcc7edc635b4329379bc43793dc51e351c4efba819661f85dfd
supabase/migrations/20260823134558_c10237b2-0a3b-40a0-b992-f6857bc77a4f.sql	RECONSTRUCTED_ADDED_LINES	dc09c864fa910a6de013af3c45a05e24740bd52e5694cbd1708a86d0706de80b
supabase/migrations/20260823134701_7c449eb4-2e43-4a2e-8685-ff9811b2b169.sql	RECONSTRUCTED_ADDED_LINES	c7c6a9b7a869cfc94a4a127b0256ea9902793d860634b4c8f8047c26c6180c94
supabase/migrations/20260823134757_a7b6af1c-2b80-4a9a-8202-ba2be790b1cf.sql	RECONSTRUCTED_ADDED_LINES	81e93dcc742fbbf5eabd2de22734c76d4b83ea0fd92773671c7aaf16279b9f30
supabase/migrations/20260823134926_dce7bac8-dffc-4664-871f-da7898c0e66e.sql	RECONSTRUCTED_ADDED_LINES	e7c0bc5c1b89e3fee8cfd15b60fc96aa2f13fc332a27d9217e328fd117b45950
supabase/migrations/20260823135022_be57b29e-d5f8-4215-a846-e9357f5d6fd4.sql	RECONSTRUCTED_ADDED_LINES	bb2cb3e3464d2c984642bf90c9eea4696e7a1ec85f257847190fd718838e032c
supabase/migrations/20260823161016_872648c8-a18f-4439-9fcc-ac9b3eb3ec24.sql	RECONSTRUCTED_ADDED_LINES	8bbd5f32f84549d8e7126742044d5e45f4c1cd356fd2b7944415b01393362ec2
supabase/migrations/20260823161035_155e94d5-56a7-463e-9f95-e8facda6162b.sql	RECONSTRUCTED_ADDED_LINES	47801db8260e6c9756ec864aea682bb42b5c19e2450285803da3775d65293a7d
supabase/migrations/20260823164848_f3d3b30e-e47b-4890-a635-ced8b978192e.sql	RECONSTRUCTED_ADDED_LINES	e71e1aa99bb16dd61cfcd6b5c49734fcfa84daa70ed1e03a89f99ae8e13dc262
supabase/migrations/20260824111104_4e89291a-b438-4505-ae5b-8cf3236e931c.sql	RECONSTRUCTED_ADDED_LINES	94aae297ce3b5583e35a4b57d545ddaa11e63e723a96552a9f5d09b2ff599567
supabase/migrations/20260824111157_3f247bcd-7ba2-4b46-93e7-d065ed60c056.sql	RECONSTRUCTED_ADDED_LINES	df0ca5dd6b3651785bd1e03f890e08bd74247d33591d0ff90ecc57757acb1cf7
supabase/migrations/20260824111755_73280d3b-5b20-431f-b25e-153c41c2347c.sql	RECONSTRUCTED_ADDED_LINES	53284c7bbadb787af662a8124abb968cb7ed3034ec12f820cb43f75e196ff993
supabase/migrations/20260824114014_42e37e65-c23e-4be4-b0a2-c5f400ae72c9.sql	RECONSTRUCTED_ADDED_LINES	a96569113662005028cc4d95e25d6ac6e4490c134da1a0a513c3c94372d61935
supabase/migrations/20260824114202_c0beed1c-3cb2-4f1c-b19d-fd8d9d47cf44.sql	RECONSTRUCTED_ADDED_LINES	afdc7409c7fdd0b6648d59df21d7b837b4bd41cb784dee63613f9f2a484ddd7d
supabase/migrations/20260824123124_d4754e3b-dc52-4c6b-99fb-b507d0d6fa23.sql	RECONSTRUCTED_ADDED_LINES	d468da800699cfc2ce0894017611d96de788a793b3317496f082711081fcf8a9
supabase/migrations/20260824124751_60a23461-8439-46e1-b67d-4eba73f40a66.sql	RECONSTRUCTED_ADDED_LINES	6a2f045f4d5477617f4e776f7821a4d64687653d8047b9dc0a978f8b99612921
supabase/migrations/20260824124823_354b1860-5288-4990-9bc2-a84cc18a6dcd.sql	RECONSTRUCTED_ADDED_LINES	45851f1e0377e954d849e6321721f285f99084bbfe03ddab38abd9a856641a28
supabase/migrations/20260824165222_03c1a09e-f237-45eb-a7f9-b9ebde3865aa.sql	RECONSTRUCTED_ADDED_LINES	7befd70c1aaf2c3b1eeb9ed40eda08d6976da42551d975ece12badac9fe11b76
supabase/migrations/20260824170429_b352cdd9-b8b8-46db-af4b-2d1091d6f5ca.sql	RECONSTRUCTED_ADDED_LINES	469ac16a63cec853c573783faafd394935d8fabb1662830370f79580eababc25
supabase/migrations/20260824170516_a6aab3ac-a43d-430e-8fce-919b900215f1.sql	RECONSTRUCTED_ADDED_LINES	b082c5fc158d5da21ba14dcf99de890b500c7c56e26d19542b7b479e622c6fc5
supabase/migrations/20260824170606_bfe71fe1-3df1-4555-9fd8-fe4f2ef60fc3.sql	RECONSTRUCTED_ADDED_LINES	1893b6d4fb66e75c752311b7be2768ffeb600b3cfea732cf9532a2dcb09cef35
supabase/migrations/20260824170740_473d48fb-ff40-4dcc-a16d-7a1a85217cde.sql	RECONSTRUCTED_ADDED_LINES	a806cc7bd2bdc66077a71141fa2760b4b41a6b9a852f9c6208ff81c9a9d852e2
supabase/migrations/20260824170826_6b9c92a9-4e21-493e-ad0e-dfe42b972108.sql	RECONSTRUCTED_ADDED_LINES	424df5937e79982112540286c9cb4f784448918630971f50cc5e40a9eb027bad
supabase/migrations/20260824175759_d8cb0d43-ae9c-47bd-9533-21d3d4cb1ea4.sql	RECONSTRUCTED_ADDED_LINES	a72f43f5a0e8d7473538ed3081cad053aed641401beaa8e7814ee09c5a7d46e2
supabase/migrations/20260824175826_51abef9d-f9f1-4dbb-86a4-962f5068741a.sql	RECONSTRUCTED_ADDED_LINES	7a36eb6207148a085ce8b4f992b3bf99cf2dae803346faf82092a53e9043870b
supabase/migrations/20260824180120_2060881b-9000-4260-861d-4ff26db7e56a.sql	RECONSTRUCTED_ADDED_LINES	4e1cc3e2bc91fb27232993c8afe2097e43d19fec5c03e8f34d69c6398f9abe21
supabase/migrations/20260824180159_c3f15549-b952-4d87-8a7d-040f4790beae.sql	RECONSTRUCTED_ADDED_LINES	d63db6e0eff2bb1db0408b7b585368fb3b92a37a89a11ec92a4ff37f3485187a
supabase/migrations/20260824180512_ca79cfa7-5265-429d-943d-b668504df95f.sql	RECONSTRUCTED_ADDED_LINES	6d68b616441cf435da9f5da5ee08e922ebdf296d65e6ef2e8cca5ece5bf028f6
supabase/migrations/20260824180643_f09ecdfe-cb8f-4a46-95f9-61850c707244.sql	RECONSTRUCTED_ADDED_LINES	b46c257afe0041adf5e392e01fa277bdca719cf588456e38f733d73f738aff5d
supabase/migrations/20260824180824_ce3c1b72-3fc3-4653-be3e-0154a5cd3476.sql	RECONSTRUCTED_ADDED_LINES	9f432c9b305bcc9078f000978ff91c84f8ec2d0f9cc442eb201dcffc4f581444
supabase/migrations/20260824184201_5d7f7f94-927a-48f0-8bd2-c87550ea8914.sql	RECONSTRUCTED_ADDED_LINES	0b785e2596cb470681f05aee98b7a35a9ccb865af1af982f7710f02a73f0d505
supabase/migrations/20260824185643_b523c47e-7233-4b8a-bf69-977f4989458b.sql	RECONSTRUCTED_ADDED_LINES	98735e48718d7e4ea03f9de8891c2e46a69c4967a0f73951e665cce37d530bfe
supabase/migrations/20260824195929_a5c1e0ef-519f-4050-a35e-b28170b0472e.sql	RECONSTRUCTED_ADDED_LINES	e19303c58d63da5b1cba697b7a8a9640d7250cb2a969c79ea2cc5c3621d65fff
supabase/migrations/20260824213305_41bb4d9f-5439-498d-80e1-81ad153f192b.sql	RECONSTRUCTED_ADDED_LINES	4720f63995289dfc9dd6470f2e65f1f24ab6e993a35cd3b6ef014661b8d65475
supabase/migrations/20260824220211_76f2140f-cd51-4e7b-815d-ebe85a80826f.sql	RECONSTRUCTED_ADDED_LINES	29ce386144e47646bf6be5286b091a340900574e055700e998a00323b787cb1f
supabase/migrations/20260824220457_513d7184-73db-43ae-b7b1-691f1ae359a0.sql	RECONSTRUCTED_ADDED_LINES	b146cf5522f75de8d9071ab964e7cc2905effced2b054b2dde0b430df520a911
supabase/migrations/20260824220524_ca47fd2a-8289-464e-a0be-689c22467679.sql	RECONSTRUCTED_ADDED_LINES	ad170628ab85fb2f7cbe3fb8973c79e89cd3c15e836ef443f9685bae36dc16fc
supabase/migrations/20260824220639_d9b61696-1e86-4264-bd2c-a6c0ca1a6cbb.sql	RECONSTRUCTED_ADDED_LINES	a43de15ebd1ac3137ba93ddb352a147a05d749cbc6a2486ffa3971f3bcc5f785
supabase/migrations/20260825212115_5b09757f-30b8-4357-a4f2-d3b71a2bca10.sql	RECONSTRUCTED_ADDED_LINES	d788bcefd3cb6bddf2bdbc028c4dca24493ff5d63adc99c8ff8e4b4e61d2f549
supabase/migrations/20260827111648_56052a5f-4c3f-43b0-8dd9-ceb1ea46e90e.sql	RECONSTRUCTED_ADDED_LINES	8d08bdef32affeb65601ff416e51b554da4febc1acff8a9a76be7773fd709176
supabase/migrations/20260827111714_d75b046e-ecb6-4999-af33-2fe8ebd5f91a.sql	RECONSTRUCTED_ADDED_LINES	d65bcde34168a920c92d57f27eda9c7ceae4f09fbb95764c6b1b601249d49296
supabase/migrations/20260827112238_161db595-3417-4782-88ee-634adaf07fc9.sql	RECONSTRUCTED_ADDED_LINES	e849868bad36e032e18e82bd5ea385e99a0b5cb2703c502d629970bb5547df4f
supabase/migrations/20260827112342_66fe340b-5cc4-4000-8d10-161a0205ee71.sql	RECONSTRUCTED_ADDED_LINES	30f7ecc375c4ebde7a9ca6c08e3f4328bec769e930fd0c3d24717ca9da566917
supabase/migrations/20260827121158_0942c491-0a1a-42d7-8f4f-91b7eeb51b3f.sql	RECONSTRUCTED_ADDED_LINES	bceb4b0ab89b5ba63e3fdc6b8b42fc5b5c5614c272f4991b8005672a3804227d
supabase/migrations/20260827121406_e910d032-cb1d-42af-96b2-c7e416fa3e9c.sql	RECONSTRUCTED_ADDED_LINES	6a253dfb07adc950ae2901bd9fdebe0baa70fb3f9824f12c4aa9733675bd53cb
supabase/migrations/20260827132508_78f3384d-32d6-4270-87ce-7151690557cf.sql	RECONSTRUCTED_ADDED_LINES	5ba52828c88687176dcfed9b3849578acf60365dd53f3b41373fe3fdbfc0eca9
supabase/migrations/20260827174407_f136f592-b495-4ff7-99c2-67b5953b9c40.sql	RECONSTRUCTED_ADDED_LINES	0d73686156bdceb3e18df8bb80c652566dc63b29fc096823831858677d870087
supabase/migrations/20260827175939_d16b1059-ae8b-4f58-9ed1-d72144d7ac39.sql	RECONSTRUCTED_ADDED_LINES	57766f209198bf9760cdaea4ead3cc1ef291fe79178964d7f91997038f5a88ba
supabase/migrations/20260828015403_e0a0f928-0037-4a26-a791-e11e53472ca9.sql	RECONSTRUCTED_ADDED_LINES	d18e3345cbfc84786efbbdc840f9e9ccee9ace9cd4eb81b46ce82e4f622d367a
supabase/migrations/20260828110850_41de9b99-1749-412e-8ae1-63d31179ca10.sql	RECONSTRUCTED_ADDED_LINES	2605237388724184ae8709f89fb36c1866665d87f0930875c1d0ff5ef9fc6dd1
supabase/migrations/20260828110936_478103a7-b1bd-42da-856f-a5a531b68cdf.sql	RECONSTRUCTED_ADDED_LINES	132fbfdd69938ca6e358fa95f83972b5c04b957dc46b95d57c816664232ee389
supabase/migrations/20260828125617_50dd3f28-171a-446e-be79-994d90941760.sql	RECONSTRUCTED_ADDED_LINES	b156ac6a7c04a3f5ff92d7ed52675db0a6dac678535e755928b6cbd2f6aba5f0
supabase/migrations/20260828125701_8bacf122-768a-4648-b5ea-49cea5fc8463.sql	RECONSTRUCTED_ADDED_LINES	ee48f3b885d77b39e53a7504ab6c42e462071b743cc02bf337a2d2545291beb3
supabase/migrations/20260828125750_00c1426a-57a4-46a9-bac9-89bbfda06a5d.sql	RECONSTRUCTED_ADDED_LINES	a28f9bfbbb467638b3cbda3ab2dd60fe08d09160a2ebdb23339d9ffac558c50e
supabase/migrations/20260828125906_e09c372a-4ef5-4b8c-84ca-66a2133064b9.sql	RECONSTRUCTED_ADDED_LINES	31b754ad77321635666767cfc4dedca3ba8052eeb8e08582e6d34bca91ad7189
supabase/migrations/20260828130148_da86630f-df44-40e8-a905-56290bc6b00b.sql	RECONSTRUCTED_ADDED_LINES	f0adb84e1204d0c91d3970e38434ed88172baedb4463ccacd7c2671e27e9e79a
supabase/migrations/20260828130352_40cbe4e3-c97e-4952-9ab9-9bc1d8db8b07.sql	RECONSTRUCTED_ADDED_LINES	94e6e7d33356c8192b5a1f22202021ced88106c92581535504e2a53bb1dfc5cc
supabase/migrations/20260828130525_e1f4f42e-786f-4b44-a8af-12c1b168cb28.sql	RECONSTRUCTED_ADDED_LINES	27dd6551c4f1261a537fd2748a644b0d7725ad8e025ea7667bdd476695730d76
supabase/migrations/20260828133837_408be505-a67c-4d38-9152-82491df63576.sql	RECONSTRUCTED_ADDED_LINES	496d2e998d031ebdb170620dcf08116e297fb7062e5be14ae65306925ba6ec3b
supabase/migrations/20260828134023_e999eb57-9959-4601-a6dd-4e0f8b6d07b3.sql	RECONSTRUCTED_ADDED_LINES	3c1b200aa38522bf098db92f2fde90f9492da6b4692f8f56ccbecb4755915fd5
supabase/migrations/20260828134203_b7a1bca0-0580-411a-bd1a-a582744cc4d2.sql	RECONSTRUCTED_ADDED_LINES	36c81d650d5637be50446e4c4fb16c972d47131cceb7f44a3cbfbe32e93e3651
supabase/migrations/20260828141907_f05a8bab-59bf-4117-99a1-89a77e6bdcc7.sql	RECONSTRUCTED_ADDED_LINES	f4ddebe1f09cfd2e4ff891910809f296002025843cfb5b178153dbc008c0b791
supabase/migrations/20260828144805_16637d52-08ae-4f2f-884a-6689e34924a9.sql	RECONSTRUCTED_ADDED_LINES	9fad0500ace5cf275b3ce8ca05e77d6650bcc8dbb5533f85993839f5a7ac661e
supabase/migrations/20260828153108_767b321b-1be5-4cdd-80f3-1af286d5202d.sql	RECONSTRUCTED_ADDED_LINES	00181c9f7cd148c0adaced492e20d84f6c2611588e4ee6f87ff16dcf65d7d5c4
supabase/migrations/20260828153451_490617d3-12f9-42b2-b97e-dc85ba1f4e0c.sql	RECONSTRUCTED_ADDED_LINES	c52ea483d19177122092325bcc757dc50207f0b6f3e306bfe8329535443523f0
supabase/migrations/20260828153619_d055ce77-aa2f-4a61-a730-f0d19f296491.sql	RECONSTRUCTED_ADDED_LINES	25f9fbf805b7e608912b1ff6d53e58d0ad51d81de8820d044a12f9e6212510d7
supabase/migrations/20260828153729_f2ae1204-da60-4ee5-9eed-bcd8c10a8094.sql	RECONSTRUCTED_ADDED_LINES	489d2b0e46c6e2c00ad8c1a73177b09a01b22e20f6aeaae57d69520e41f03e3a
supabase/migrations/20260828154731_7bcf57cd-38fe-4120-97a4-ab2ec85af9da.sql	RECONSTRUCTED_ADDED_LINES	98385af50cb729024fa5a0029ff1b266ad9481a2b274bcbda3fca2ebde1a4c6d
supabase/migrations/20260828155532_fe00d250-4da1-4ae9-b947-1b5ef165524f.sql	RECONSTRUCTED_ADDED_LINES	3acbfd5409d3734feb1d26f5ac020e1b8c5f2ff4f7811712059e3701b2d4903e
supabase/migrations/20260828213514_acf56adc-96fa-4b85-9ea1-1b08df87adeb.sql	RECONSTRUCTED_ADDED_LINES	a652e22979a1258d0ab430b88d90e3c0cbc9fb9df26e8d5ed1f7628fa6eb9723
supabase/migrations/20260828220555_7224b3a1-7adb-4176-b18c-ab2ff9b40f19.sql	RECONSTRUCTED_ADDED_LINES	613e7af73c1f174f8ca4324e3044f7fb6b427dd2fc03aa7eb513834451674df7
supabase/migrations/20260828221653_090c3016-fc98-4907-8f9d-affd8d1e27f5.sql	RECONSTRUCTED_ADDED_LINES	c9650bca72dfe0a0e4998e07da0390c74d84e2d25ae3fcf1847dbc5bd6ad4f5b
supabase/migrations/20260829110716_41bdb18d-512a-4ed0-8d58-311a933637a6.sql	RECONSTRUCTED_ADDED_LINES	ee5b23079b6f43a863b33dd37aadef5bdc3c89ee9ac92c4301dbafdccb24c902
supabase/migrations/20260831103028_e022ba48-1e10-4c03-8ff2-dddba289a9b1.sql	RECONSTRUCTED_ADDED_LINES	2f8459a8847ffd2c78f64298e43117baa99e9cb4472b20a5c35ac569895859e7
supabase/migrations/20260831103141_0251051f-960c-4261-9327-d02654106ced.sql	RECONSTRUCTED_ADDED_LINES	e735f462ed3dd6a514959918506d041a2441aa2cdc5cc5190822e7731a8ce715
supabase/migrations/20260831104738_df74b6ad-a855-4c7b-8620-6414425f4f81.sql	RECONSTRUCTED_ADDED_LINES	af293ff0252e9633ea21a944191d3e8b0e96d2e301aef0c6962654451b3175e7
supabase/migrations/20260901191605_6696c124-92c8-4441-a56b-516e7565dc44.sql	RECONSTRUCTED_ADDED_LINES	d6a6e41b5a7049eca5c06a2c5edb8960d218246f4a2484cd5643cca734b45b15
supabase/migrations/20260901191741_6cb092e1-5852-4e35-8042-c992847ebe8f.sql	RECONSTRUCTED_ADDED_LINES	da90f13f5b137ddeb00bfe768442d239146eb48551a50d7beeabb528adf353a8
supabase/seed/knowledge-base-v1.sql	BYTE_VERIFIED	ae586009fb05de336cba782130ec7a639d64e4191bd64ea9dc08b4923a25ad05
supabase/seed/knowledge-base-v2-aliases.sql	RECONSTRUCTED_ADDED_LINES	63249fdc9db38f8edd31bca34f7a4d1ff6b70f0bb14fea2ad5406ae3a1ec6137
supabase/seed/knowledge-base-v2-compact.sql	BYTE_VERIFIED	67635ad399f0038821d9f64282c3eff707bf678be9b1692278d7883bc8cdb25a
supabase/seed/knowledge-base-v2.sql	BYTE_VERIFIED	943cdc2768ae0cd0e62662015d138cbcbcd46fb2c72fc317ac6a17ff5296a14c
tsconfig.json	BYTE_VERIFIED	14fb0b128c1f90387fb5d94d8de58e28c37e00665ec57dfcf64f250861d7c8ea
vite.config.ts	BYTE_VERIFIED	ceb71c0805cf1b407fdd10c46bacb312061129853f0900838f1d2b181136974b
vitest.config.ts	BYTE_VERIFIED	2789f668a548c49ae2faf3ae397108fef1bf785dbdd3709133563f005c8db406
